match_id,season,league,matchday,kickoff,home_team_id,home_team,away_team_id,away_team,dataset_split,home_news_sporting_form_mean_rating,home_news_sporting_form_mention_share,home_news_personnel_situation_mean_rating,home_news_personnel_situation_mention_share,home_news_physical_readiness_mean_rating,home_news_physical_readiness_mention_share,home_news_confidence_and_motivation_mean_rating,home_news_confidence_and_motivation_mention_share,away_news_sporting_form_mean_rating,away_news_sporting_form_mention_share,away_news_personnel_situation_mean_rating,away_news_personnel_situation_mention_share,away_news_physical_readiness_mean_rating,away_news_physical_readiness_mention_share,away_news_confidence_and_motivation_mean_rating,away_news_confidence_and_motivation_mention_share
77256,2025,bl1,1,2025-08-22T20:30:00+02:00,40,FC Bayern München,1635,RB Leipzig,train,0.904762,0.241379,-0.954545,0.252874,-0.5,0.114943,0.166667,0.206897,-0.571429,0.175,0.0,0.175,0.333333,0.0375,1.0,0.2
77257,2025,bl1,1,2025-08-23T15:30:00+02:00,6,Bayer 04 Leverkusen,175,TSG Hoffenheim,train,-0.333333,0.233766,-0.612903,0.402597,0.0,0.12987,0.857143,0.181818,0.692308,0.166667,0.181818,0.141026,1.0,0.089744,1.111111,0.115385
77258,2025,bl1,1,2025-08-23T15:30:00+02:00,91,Eintracht Frankfurt,134,SV Werder Bremen,train,0.714286,0.175,0.241379,0.3625,0.444444,0.1125,1.0,0.125,-1.0,0.316456,-0.789474,0.481013,-1.0,0.075949,-0.375,0.202532
77259,2025,bl1,1,2025-08-23T15:30:00+02:00,112,SC Freiburg,95,FC Augsburg,train,0.625,0.094118,-0.208333,0.282353,0.5,0.047059,1.181818,0.129412,0.461538,0.154762,0.461538,0.154762,0.6,0.059524,1.066667,0.178571
77262,2025,bl1,1,2025-08-23T15:30:00+02:00,80,1. FC Union Berlin,16,VfB Stuttgart,train,-0.428571,0.083333,-0.333333,0.107143,1.0,0.035714,1.0,0.142857,0.1,0.238095,0.5,0.047619,0.0,0.0,0.888889,0.107143
77264,2025,bl1,1,2025-08-23T15:30:00+02:00,199,1. FC Heidenheim 1846,131,VfL Wolfsburg,train,-0.066667,0.172414,0.0,0.114943,0.666667,0.034483,1.0,0.137931,-0.142857,0.084337,-0.545455,0.13253,-0.6,0.060241,0.5,0.072289
77263,2025,bl1,1,2025-08-23T18:30:00+02:00,98,FC St. Pauli,7,Borussia Dortmund,train,-0.066667,0.172414,0.0,0.08046,1.0,0.011494,1.125,0.091954,-0.210526,0.24359,-0.642857,0.179487,-1.0,0.051282,0.266667,0.192308
77260,2025,bl1,1,2025-08-24T15:30:00+02:00,81,1. FSV Mainz 05,65,1. FC Köln,train,-0.652174,0.298701,-0.5625,0.207792,-0.555556,0.116883,0.0,0.220779,0.9,0.266667,0.344828,0.386667,0.0,0.08,0.842105,0.253333
77261,2025,bl1,1,2025-08-24T17:30:00+02:00,87,Borussia Mönchengladbach,100,Hamburger SV,train,0.333333,0.038462,0.541667,0.307692,-1.0,0.025641,1.0,0.064103,-0.578947,0.240506,0.103448,0.367089,-0.5,0.075949,0.875,0.303797
77273,2025,bl1,2,2025-08-29T20:30:00+02:00,100,Hamburger SV,98,FC St. Pauli,train,0.214286,0.179487,-0.375,0.102564,-1.0,0.012821,0.933333,0.192308,0.611111,0.233766,0.785714,0.181818,-1.0,0.025974,0.909091,0.142857
77266,2025,bl1,2,2025-08-30T15:30:00+02:00,1635,RB Leipzig,199,1. FC Heidenheim 1846,train,-1.72,0.297619,-0.611111,0.214286,0.0,0.0,-0.142857,0.083333,-0.428571,0.177215,0.789474,0.240506,1.0,0.025316,0.818182,0.139241
77267,2025,bl1,2,2025-08-30T15:30:00+02:00,134,SV Werder Bremen,6,Bayer 04 Leverkusen,train,-1.0,0.2125,-0.730769,0.325,-0.25,0.1,0.714286,0.175,-0.727273,0.30137,-0.65625,0.438356,0.666667,0.041096,-0.5,0.109589
77268,2025,bl1,2,2025-08-30T15:30:00+02:00,16,VfB Stuttgart,87,Borussia Mönchengladbach,train,-0.444444,0.107143,-1.25,0.190476,0.0,0.0,-1.0,0.119048,-0.2,0.063291,-0.25,0.101266,-1.0,0.012658,0.0,0.0
77271,2025,bl1,2,2025-08-30T15:30:00+02:00,175,TSG Hoffenheim,91,Eintracht Frankfurt,train,0.8,0.379747,-0.454545,0.139241,0.0,0.0,1.0,0.037975,0.933333,0.178571,-0.5,0.119048,-0.5,0.047619,0.714286,0.083333
77270,2025,bl1,2,2025-08-30T18:30:00+02:00,95,FC Augsburg,40,FC Bayern München,train,0.96875,0.367816,0.375,0.091954,-1.0,0.011494,1.052632,0.218391,1.222222,0.1125,-0.6,0.0625,-1.0,0.0125,0.733333,0.1875
77269,2025,bl1,2,2025-08-31T15:30:00+02:00,131,VfL Wolfsburg,81,1. FSV Mainz 05,train,0.666667,0.211765,0.777778,0.105882,0.0,0.023529,1.333333,0.070588,0.944444,0.444444,0.333333,0.185185,-1.0,0.012346,1.2,0.246914
77265,2025,bl1,2,2025-08-31T17:30:00+02:00,7,Borussia Dortmund,80,1. FC Union Berlin,train,0.307692,0.175676,-0.111111,0.243243,1.0,0.013514,0.571429,0.094595,0.583333,0.15,-0.6,0.0625,-1.0,0.025,1.0,0.0875
77272,2025,bl1,2,2025-08-31T19:30:00+02:00,65,1. FC Köln,112,SC Freiburg,train,0.9,0.126582,0.090909,0.278481,0.5,0.050633,1.272727,0.139241,-0.666667,0.236842,0.5,0.052632,0.0,0.0,0.285714,0.092105
77275,2025,bl1,3,2025-09-12T20:30:00+02:00,6,Bayer 04 Leverkusen,91,Eintracht Frankfurt,train,-0.521739,0.310811,-0.857143,0.283784,-1.0,0.054054,-0.076923,0.175676,1.368421,0.240506,0.647059,0.21519,0.666667,0.113924,1.352941,0.21519
77276,2025,bl1,3,2025-09-13T15:30:00+02:00,112,SC Freiburg,16,VfB Stuttgart,train,-1.166667,0.394737,0.833333,0.157895,0.75,0.105263,0.333333,0.236842,0.083333,0.162162,-0.294118,0.22973,-0.333333,0.121622,0.428571,0.094595
77277,2025,bl1,3,2025-09-13T15:30:00+02:00,81,1. FSV Mainz 05,1635,RB Leipzig,train,-0.538462,0.164557,-0.888889,0.113924,-0.555556,0.113924,1.083333,0.151899,-0.64,0.301205,-0.052632,0.228916,-0.3,0.120482,0.529412,0.204819
77279,2025,bl1,3,2025-09-13T15:30:00+02:00,131,VfL Wolfsburg,65,1. FC Köln,train,0.0,0.115385,0.935484,0.397436,0.454545,0.141026,1.0,0.115385,1.315789,0.234568,0.0,0.135802,-0.666667,0.074074,1.25,0.148148
77280,2025,bl1,3,2025-09-13T15:30:00+02:00,80,1. FC Union Berlin,175,TSG Hoffenheim,train,-0.176471,0.223684,0.3,0.131579,-1.0,0.052632,0.916667,0.157895,0.181818,0.289474,1.0,0.092105,0.8,0.065789,0.818182,0.144737
77282,2025,bl1,3,2025-09-13T15:30:00+02:00,199,1. FC Heidenheim 1846,7,Borussia Dortmund,train,-0.730769,0.371429,-0.4,0.071429,0.0,0.0,-0.5,0.114286,0.0,0.204819,-0.588235,0.204819,-0.769231,0.156627,0.222222,0.108434
77274,2025,bl1,3,2025-09-13T18:30:00+02:00,40,FC Bayern München,100,Hamburger SV,train,0.875,0.190476,0.454545,0.261905,-1.0,0.011905,1.055556,0.214286,-0.882353,0.209877,0.166667,0.074074,1.0,0.024691,0.0,0.185185
77281,2025,bl1,3,2025-09-14T15:30:00+02:00,98,FC St. Pauli,95,FC Augsburg,train,1.0,0.241379,1.0,0.034483,1.0,0.011494,1.0,0.034483,-0.2,0.235294,-0.454545,0.129412,1.0,0.035294,1.166667,0.070588
77278,2025,bl1,3,2025-09-14T17:30:00+02:00,87,Borussia Mönchengladbach,134,SV Werder Bremen,train,-1.055556,0.214286,-0.5,0.02381,0.0,0.0,-0.5,0.047619,-0.592593,0.325301,0.307692,0.313253,0.416667,0.144578,0.761905,0.253012
77288,2025,bl1,4,2025-09-19T20:30:00+02:00,16,VfB Stuttgart,98,FC St. Pauli,train,-0.965517,0.371795,-0.285714,0.089744,-1.0,0.051282,-0.882353,0.217949,1.382353,0.435897,0.2,0.064103,-0.333333,0.038462,1.076923,0.166667
77287,2025,bl1,4,2025-09-20T15:30:00+02:00,134,SV Werder Bremen,112,SC Freiburg,train,1.068966,0.337209,0.285714,0.162791,-1.0,0.034884,1.157895,0.22093,0.357143,0.329412,-0.857143,0.164706,0.0,0.0,0.636364,0.129412
77289,2025,bl1,4,2025-09-20T15:30:00+02:00,95,FC Augsburg,81,1. FSV Mainz 05,train,-0.73913,0.283951,0.5,0.098765,1.0,0.024691,1.1,0.123457,-1.045455,0.268293,-0.111111,0.109756,0.5,0.073171,0.888889,0.219512
77290,2025,bl1,4,2025-09-20T15:30:00+02:00,175,TSG Hoffenheim,40,FC Bayern München,train,0.842105,0.215909,0.4,0.056818,-1.0,0.011364,1.25,0.045455,1.375,0.289157,-0.636364,0.13253,-1.0,0.036145,1.0,0.13253
77291,2025,bl1,4,2025-09-20T15:30:00+02:00,100,Hamburger SV,199,1. FC Heidenheim 1846,train,-1.0,0.392405,-0.1875,0.202532,-0.3,0.126582,0.090909,0.139241,-1.0,0.542169,-1.5,0.120482,-1.0,0.036145,0.428571,0.084337
77286,2025,bl1,4,2025-09-20T18:30:00+02:00,1635,RB Leipzig,65,1. FC Köln,train,0.617647,0.390805,-0.681818,0.252874,-0.142857,0.16092,0.695652,0.264368,0.9375,0.359551,0.230769,0.146067,0.0,0.022472,1.25,0.224719
77284,2025,bl1,4,2025-09-21T15:30:00+02:00,91,Eintracht Frankfurt,80,1. FC Union Berlin,train,0.970588,0.409639,0.5,0.168675,0.25,0.144578,0.944444,0.216867,-0.933333,0.168539,0.6,0.05618,0.0,0.022472,0.666667,0.033708
77283,2025,bl1,4,2025-09-21T17:30:00+02:00,6,Bayer 04 Leverkusen,87,Borussia Mönchengladbach,train,-0.76,0.324675,-0.833333,0.155844,0.0,0.0,0.230769,0.168831,-0.870968,0.378049,-1.0,0.158537,-1.2,0.060976,-1.25,0.04878
77285,2025,bl1,4,2025-09-21T19:30:00+02:00,7,Borussia Dortmund,131,VfL Wolfsburg,train,0.666667,0.321429,0.631579,0.22619,0.785714,0.166667,0.333333,0.107143,0.25,0.179775,0.8,0.224719,0.666667,0.101124,0.818182,0.123596
77292,2025,bl1,5,2025-09-26T20:30:00+02:00,40,FC Bayern München,134,SV Werder Bremen,train,1.666667,0.238636,0.25,0.045455,0.0,0.022727,1.272727,0.125,-0.583333,0.272727,-0.428571,0.238636,-0.833333,0.136364,0.888889,0.204545
77294,2025,bl1,5,2025-09-27T15:30:00+02:00,81,1. FSV Mainz 05,7,Borussia Dortmund,train,0.322581,0.3875,-0.769231,0.1625,-0.666667,0.0375,1.0,0.075,1.0,0.283951,0.541667,0.296296,0.529412,0.209877,1.0,0.246914
77296,2025,bl1,5,2025-09-27T15:30:00+02:00,131,VfL Wolfsburg,1635,RB Leipzig,train,-0.625,0.213333,-0.5,0.053333,0.0,0.0,0.142857,0.093333,0.076923,0.320988,0.0,0.098765,0.0,0.024691,1.133333,0.185185
77298,2025,bl1,5,2025-09-27T15:30:00+02:00,98,FC St. Pauli,6,Bayer 04 Leverkusen,train,-0.411765,0.441558,-0.4,0.064935,0.666667,0.038961,1.0,0.12987,-0.411765,0.2125,-0.142857,0.0875,0.0,0.0,-0.2,0.0625
77299,2025,bl1,5,2025-09-27T15:30:00+02:00,199,1. FC Heidenheim 1846,95,FC Augsburg,train,-1.083333,0.6,-0.6,0.0625,0.0,0.0,0.0,0.1875,-1.186047,0.52439,-0.933333,0.182927,0.5,0.02439,-0.3,0.365854
77295,2025,bl1,5,2025-09-27T18:30:00+02:00,87,Borussia Mönchengladbach,91,Eintracht Frankfurt,train,-0.384615,0.448276,-0.85,0.229885,-1.0,0.011494,0.6875,0.183908,-0.458333,0.315789,0.0,0.131579,0.0,0.078947,0.384615,0.171053
77293,2025,bl1,5,2025-09-28T15:30:00+02:00,112,SC Freiburg,175,TSG Hoffenheim,train,0.785714,0.333333,-0.4,0.059524,-1.0,0.02381,1.2,0.059524,-0.142857,0.247059,0.5,0.070588,0.0,0.0,0.25,0.047059
77300,2025,bl1,5,2025-09-28T17:30:00+02:00,65,1. FC Köln,16,VfB Stuttgart,train,0.541667,0.285714,-0.625,0.095238,-1.0,0.035714,1.181818,0.130952,0.92,0.301205,-0.428571,0.168675,-0.333333,0.072289,1.285714,0.084337
77297,2025,bl1,5,2025-09-28T19:30:00+02:00,80,1. FC Union Berlin,100,Hamburger SV,train,0.611111,0.225,-0.454545,0.1375,0.0,0.0,1.0,0.0875,0.428571,0.272727,0.0,0.090909,-0.666667,0.038961,0.785714,0.181818
77308,2025,bl1,6,2025-10-03T20:30:00+02:00,175,TSG Hoffenheim,65,1. FC Köln,train,-0.368421,0.22619,0.666667,0.071429,1.0,0.035714,0.888889,0.107143,-0.708333,0.27907,-0.789474,0.22093,-0.8,0.116279,0.4,0.116279
77301,2025,bl1,6,2025-10-04T15:30:00+02:00,6,Bayer 04 Leverkusen,80,1. FC Union Berlin,train,-0.275862,0.353659,-1.0,0.256098,-1.0,0.097561,-0.176471,0.207317,0.230769,0.1625,0.333333,0.0375,0.0,0.025,0.5,0.075
77303,2025,bl1,6,2025-10-04T15:30:00+02:00,7,Borussia Dortmund,1635,RB Leipzig,train,1.387097,0.397436,0.333333,0.153846,0.285714,0.089744,1.333333,0.153846,0.96,0.3125,-0.375,0.2,0.307692,0.1625,0.833333,0.15
77304,2025,bl1,6,2025-10-04T15:30:00+02:00,134,SV Werder Bremen,98,FC St. Pauli,train,-0.878788,0.37931,-0.461538,0.149425,-1.0,0.011494,0.636364,0.126437,0.071429,0.341463,-1.0,0.121951,-1.0,0.02439,0.461538,0.158537
77307,2025,bl1,6,2025-10-04T15:30:00+02:00,95,FC Augsburg,131,VfL Wolfsburg,train,-1.435897,0.493671,-0.666667,0.113924,0.0,0.012658,-0.65,0.253165,-0.757576,0.37931,-0.090909,0.126437,0.428571,0.08046,0.333333,0.137931
77302,2025,bl1,6,2025-10-04T18:30:00+02:00,91,Eintracht Frankfurt,40,FC Bayern München,train,-0.206897,0.386667,0.0,0.106667,-1.0,0.013333,0.1,0.133333,1.378378,0.468354,-0.111111,0.113924,-0.625,0.101266,1.142857,0.177215
77305,2025,bl1,6,2025-10-05T15:30:00+02:00,16,VfB Stuttgart,199,1. FC Heidenheim 1846,train,-0.633333,0.689655,0.0,0.068966,-1.0,0.034483,-0.433333,0.344828,0.166667,0.214286,-1.285714,0.083333,-1.0,0.047619,0.714286,0.083333
77309,2025,bl1,6,2025-10-05T17:30:00+02:00,100,Hamburger SV,81,1. FSV Mainz 05,train,0.5625,0.222222,-0.571429,0.194444,0.0,0.083333,1.454545,0.152778,0.466667,0.38961,-0.133333,0.194805,-0.166667,0.077922,1.117647,0.220779
77306,2025,bl1,6,2025-10-05T19:30:00+02:00,87,Borussia Mönchengladbach,112,SC Freiburg,train,-1.47619,0.5,-1.090909,0.261905,0.0,0.02381,-0.647059,0.202381,0.538462,0.506494,0.8,0.12987,-1.0,0.025974,0.733333,0.194805
77315,2025,bl1,7,2025-10-17T20:30:00+02:00,80,1. FC Union Berlin,87,Borussia Mönchengladbach,train,-0.416667,0.155844,0.0,0.103896,0.0,0.064935,0.5,0.077922,-1.519231,0.611765,-0.357143,0.329412,-1.0,0.035294,-0.181818,0.258824
77312,2025,bl1,7,2025-10-18T15:30:00+02:00,81,1. FSV Mainz 05,6,Bayer 04 Leverkusen,train,-1.058824,0.217949,0.0,0.0,0.0,0.0,1.0,0.064103,1.0,0.106667,-0.666667,0.04,-1.0,0.013333,1.333333,0.04
77313,2025,bl1,7,2025-10-18T15:30:00+02:00,1635,RB Leipzig,100,Hamburger SV,train,0.263158,0.22619,0.777778,0.107143,1.0,0.011905,1.0,0.059524,0.695652,0.2875,-0.153846,0.1625,-0.25,0.1,0.923077,0.1625
77314,2025,bl1,7,2025-10-18T15:30:00+02:00,131,VfL Wolfsburg,16,VfB Stuttgart,train,-1.15,0.240964,-0.375,0.096386,-0.333333,0.036145,-0.083333,0.144578,0.678571,0.329412,0.0,0.211765,-0.181818,0.129412,0.777778,0.105882
77317,2025,bl1,7,2025-10-18T15:30:00+02:00,199,1. FC Heidenheim 1846,134,SV Werder Bremen,train,-0.758621,0.446154,1.0,0.138462,1.0,0.076923,0.2,0.076923,0.153846,0.317073,-0.538462,0.158537,-0.428571,0.085366,0.909091,0.134146
77318,2025,bl1,7,2025-10-18T15:30:00+02:00,65,1. FC Köln,95,FC Augsburg,train,0.833333,0.344828,0.692308,0.149425,-0.363636,0.126437,0.916667,0.137931,0.538462,0.317073,0.4,0.121951,0.5,0.02439,0.8,0.182927
77310,2025,bl1,7,2025-10-18T18:30:00+02:00,40,FC Bayern München,7,Borussia Dortmund,train,1.771429,0.426829,-0.222222,0.109756,1.0,0.073171,1.5625,0.195122,1.0625,0.585366,0.875,0.097561,0.333333,0.073171,1.032258,0.378049
77311,2025,bl1,7,2025-10-19T15:30:00+02:00,112,SC Freiburg,91,Eintracht Frankfurt,train,0.642857,0.17284,0.636364,0.135802,0.888889,0.111111,1.0,0.049383,-0.875,0.285714,1.0,0.119048,1.0,0.059524,-0.545455,0.130952
77316,2025,bl1,7,2025-10-19T17:30:00+02:00,98,FC St. Pauli,175,TSG Hoffenheim,train,-0.916667,0.151899,0.8,0.063291,0.333333,0.037975,1.0,0.012658,-0.466667,0.189873,0.166667,0.075949,0.333333,0.075949,0.333333,0.037975
77322,2025,bl1,8,2025-10-24T20:30:00+02:00,134,SV Werder Bremen,80,1. FC Union Berlin,train,-0.666667,0.27907,-0.416667,0.139535,-0.285714,0.081395,-0.153846,0.151163,0.722222,0.211765,0.428571,0.082353,0.833333,0.070588,1.2,0.058824
77320,2025,bl1,8,2025-10-25T15:30:00+02:00,91,Eintracht Frankfurt,98,FC St. Pauli,train,-1.487805,0.488095,-0.230769,0.154762,-1.0,0.047619,-1.0,0.345238,-1.173913,0.310811,0.5,0.054054,0.5,0.027027,-1.142857,0.094595
77324,2025,bl1,8,2025-10-25T15:30:00+02:00,87,Borussia Mönchengladbach,40,FC Bayern München,train,-0.882353,0.43038,0.0,0.050633,-1.0,0.012658,0.25,0.101266,1.5,0.384615,0.375,0.102564,0.333333,0.038462,1.25,0.102564
77325,2025,bl1,8,2025-10-25T15:30:00+02:00,95,FC Augsburg,1635,RB Leipzig,train,-0.380952,0.244186,-0.52381,0.244186,-1.0,0.093023,0.714286,0.081395,0.787879,0.417722,-0.777778,0.113924,-0.8,0.063291,0.75,0.050633
77326,2025,bl1,8,2025-10-25T15:30:00+02:00,175,TSG Hoffenheim,199,1. FC Heidenheim 1846,train,0.458333,0.282353,0.6,0.058824,0.0,0.0,1.0,0.070588,-0.526316,0.296875,-1.0,0.03125,-1.0,0.015625,1.0,0.03125
77327,2025,bl1,8,2025-10-25T15:30:00+02:00,100,Hamburger SV,131,VfL Wolfsburg,train,0.423077,0.309524,0.071429,0.166667,-0.2,0.059524,1.0,0.22619,-1.52381,0.494118,-1.0,0.094118,-1.0,0.035294,-1.28,0.294118
77321,2025,bl1,8,2025-10-25T18:30:00+02:00,7,Borussia Dortmund,65,1. FC Köln,train,0.3125,0.372093,0.714286,0.081395,0.25,0.093023,0.266667,0.174419,0.703704,0.306818,-0.454545,0.25,-1.0,0.125,0.733333,0.170455
77319,2025,bl1,8,2025-10-26T15:30:00+01:00,6,Bayer 04 Leverkusen,112,SC Freiburg,train,-0.3,0.135135,-1.0,0.013514,-1.0,0.013514,-1.0,0.040541,1.176471,0.419753,0.444444,0.111111,1.0,0.061728,1.0,0.197531
77323,2025,bl1,8,2025-10-26T17:30:00+01:00,16,VfB Stuttgart,81,1. FSV Mainz 05,train,-0.129032,0.413333,-0.5,0.053333,-1.0,0.08,-0.315789,0.253333,0.0,0.414286,0.666667,0.257143,-0.1,0.142857,0.85,0.285714
77332,2025,bl1,9,2025-10-31T20:30:00+01:00,95,FC Augsburg,7,Borussia Dortmund,train,-1.618421,0.883721,-0.923077,0.151163,-1.0,0.116279,-0.541667,0.55814,0.815789,0.457831,0.2,0.120482,-0.75,0.192771,1.095238,0.253012
77329,2025,bl1,9,2025-11-01T15:30:00+01:00,81,1. FSV Mainz 05,134,SV Werder Bremen,train,-1.346939,0.644737,-0.5,0.105263,0.0,0.052632,-0.294118,0.223684,0.666667,0.265823,0.916667,0.151899,0.8,0.063291,0.888889,0.113924
77330,2025,bl1,9,2025-11-01T15:30:00+01:00,1635,RB Leipzig,16,VfB Stuttgart,train,1.24,0.595238,0.375,0.095238,0.333333,0.035714,1.0,0.095238,1.266667,0.38961,-0.416667,0.155844,0.25,0.051948,1.066667,0.194805
77333,2025,bl1,9,2025-11-01T15:30:00+01:00,80,1. FC Union Berlin,112,SC Freiburg,train,0.25,0.345679,0.8,0.061728,-0.75,0.049383,0.636364,0.135802,0.333333,0.153846,1.0,0.012821,1.0,0.038462,0.5,0.051282
77334,2025,bl1,9,2025-11-01T15:30:00+01:00,98,FC St. Pauli,87,Borussia Mönchengladbach,train,-0.26087,0.315068,0.8,0.068493,-0.25,0.054795,1.0,0.082192,-0.894737,0.457831,-0.545455,0.13253,1.0,0.024096,0.666667,0.144578
77335,2025,bl1,9,2025-11-01T15:30:00+01:00,199,1. FC Heidenheim 1846,91,Eintracht Frankfurt,train,-1.041667,0.585366,-1.0,0.243902,0.0,0.0,-1.0,0.121951,-0.238095,0.244186,0.75,0.046512,0.25,0.046512,0.6,0.05814
77328,2025,bl1,9,2025-11-01T18:30:00+01:00,40,FC Bayern München,6,Bayer 04 Leverkusen,train,1.483871,0.397436,0.571429,0.089744,1.5,0.025641,1.642857,0.179487,1.029412,0.447368,-0.818182,0.144737,-1.25,0.052632,0.863636,0.289474
77336,2025,bl1,9,2025-11-02T15:30:00+01:00,65,1. FC Köln,100,Hamburger SV,train,-0.166667,0.322581,-0.125,0.086022,0.5,0.043011,1.0,0.086022,0.46875,0.390244,0.833333,0.073171,1.0,0.012195,0.846154,0.158537
77331,2025,bl1,9,2025-11-02T17:30:00+01:00,131,VfL Wolfsburg,175,TSG Hoffenheim,train,-1.131579,0.469136,-1.0,0.08642,-1.0,0.012346,-1.217391,0.283951,0.071429,0.383562,0.0,0.0,-1.0,0.013699,1.666667,0.082192
77340,2025,bl1,10,2025-11-07T20:30:00+01:00,134,SV Werder Bremen,131,VfL Wolfsburg,train,-0.2,0.12987,-0.333333,0.077922,0.0,0.0,0.375,0.103896,-1.375,0.390244,-0.555556,0.109756,0.0,0.0,-0.2,0.243902
77337,2025,bl1,10,2025-11-08T15:30:00+01:00,6,Bayer 04 Leverkusen,199,1. FC Heidenheim 1846,train,0.5,0.35443,-1.0,0.050633,-0.75,0.050633,0.416667,0.151899,-0.52381,0.247059,-0.333333,0.035294,0.0,0.0,1.0,0.058824
77343,2025,bl1,10,2025-11-08T15:30:00+01:00,80,1. FC Union Berlin,40,FC Bayern München,train,-0.636364,0.142857,0.0,0.077922,-1.0,0.012987,0.888889,0.116883,1.5,0.315789,-0.8,0.131579,-1.0,0.144737,0.846154,0.171053
77344,2025,bl1,10,2025-11-08T15:30:00+01:00,175,TSG Hoffenheim,1635,RB Leipzig,train,1.064516,0.397436,-0.2,0.064103,1.5,0.025641,0.25,0.051282,1.173913,0.2875,0.0,0.125,0.0,0.0625,1.2,0.125
77345,2025,bl1,10,2025-11-08T15:30:00+01:00,100,Hamburger SV,7,Borussia Dortmund,train,-0.535714,0.333333,-0.214286,0.166667,1.0,0.011905,0.222222,0.107143,-0.060606,0.392857,0.071429,0.166667,-0.727273,0.130952,-0.470588,0.202381
77342,2025,bl1,10,2025-11-08T18:30:00+01:00,87,Borussia Mönchengladbach,65,1. FC Köln,train,-0.192308,0.342105,-0.043478,0.302632,0.25,0.210526,1.0,0.315789,1.029412,0.414634,0.75,0.195122,0.555556,0.109756,1.230769,0.317073
77339,2025,bl1,10,2025-11-09T15:30:00+01:00,112,SC Freiburg,98,FC St. Pauli,train,1.285714,0.494118,-0.833333,0.070588,-0.6,0.058824,1.166667,0.141176,-1.413793,0.367089,-1.0,0.012658,0.0,0.025316,-1.0,0.088608
77341,2025,bl1,10,2025-11-09T17:30:00+01:00,16,VfB Stuttgart,95,FC Augsburg,train,0.722222,0.642857,-0.857143,0.25,-0.666667,0.071429,0.666667,0.464286,-0.962963,0.329268,0.5,0.04878,1.0,0.02439,0.166667,0.073171
77338,2025,bl1,10,2025-11-09T19:30:00+01:00,91,Eintracht Frankfurt,81,1. FSV Mainz 05,train,0.090909,0.285714,0.1,0.12987,0.0,0.051948,1.111111,0.116883,0.277778,0.473684,-0.285714,0.092105,1.0,0.013158,0.8,0.263158
77348,2025,bl1,11,2025-11-21T20:30:00+01:00,81,1. FSV Mainz 05,175,TSG Hoffenheim,train,-1.444444,0.285714,0.2,0.079365,0.0,0.031746,-0.571429,0.111111,1.0,0.361446,0.625,0.096386,1.0,0.060241,1.0,0.228916
77346,2025,bl1,11,2025-11-22T15:30:00+01:00,40,FC Bayern München,112,SC Freiburg,train,1.045455,0.26506,0.125,0.096386,0.75,0.048193,1.222222,0.108434,0.333333,0.219512,0.4,0.121951,0.333333,0.109756,1.0,0.073171
77347,2025,bl1,11,2025-11-22T15:30:00+01:00,7,Borussia Dortmund,16,VfB Stuttgart,train,0.038462,0.346667,0.533333,0.2,0.571429,0.093333,0.611111,0.24,0.866667,0.357143,-0.529412,0.202381,-0.6,0.178571,1.076923,0.154762
77350,2025,bl1,11,2025-11-22T15:30:00+01:00,131,VfL Wolfsburg,6,Bayer 04 Leverkusen,train,-0.933333,0.365854,-0.818182,0.134146,0.0,0.0,0.1,0.121951,1.222222,0.102273,-0.666667,0.034091,-1.0,0.011364,1.0,0.022727
77351,2025,bl1,11,2025-11-22T15:30:00+01:00,95,FC Augsburg,100,Hamburger SV,train,-1.263158,0.253333,-0.857143,0.093333,0.0,0.0,0.0,0.12,-0.769231,0.168831,-0.375,0.103896,-0.166667,0.077922,0.0,0.064935
77353,2025,bl1,11,2025-11-22T15:30:00+01:00,199,1. FC Heidenheim 1846,87,Borussia Mönchengladbach,train,-1.047619,0.403846,-0.5,0.076923,-0.5,0.038462,0.333333,0.115385,0.972973,0.480519,0.809524,0.272727,0.333333,0.038961,1.076923,0.337662
77354,2025,bl1,11,2025-11-22T18:30:00+01:00,65,1. FC Köln,91,Eintracht Frankfurt,train,0.409091,0.23913,0.333333,0.097826,0.142857,0.076087,0.263158,0.206522,0.208333,0.26087,-0.2,0.163043,0.428571,0.076087,0.384615,0.141304
77349,2025,bl1,11,2025-11-23T15:30:00+01:00,1635,RB Leipzig,134,SV Werder Bremen,train,0.533333,0.365854,-0.736842,0.231707,-0.461538,0.158537,1.0,0.134146,0.923077,0.317073,-0.111111,0.109756,0.25,0.04878,0.909091,0.268293
77352,2025,bl1,11,2025-11-23T17:30:00+01:00,98,FC St. Pauli,80,1. FC Union Berlin,train,-1.466667,0.352941,-0.142857,0.082353,-0.25,0.047059,-0.4,0.117647,0.8,0.121951,-1.0,0.073171,-1.0,0.012195,1.0,0.073171
77360,2025,bl1,12,2025-11-28T20:30:00+01:00,87,Borussia Mönchengladbach,1635,RB Leipzig,train,0.909091,0.255814,0.666667,0.069767,1.0,0.011628,1.0,0.069767,0.823529,0.390805,-0.814815,0.310345,-0.6875,0.183908,0.714286,0.16092
77355,2025,bl1,12,2025-11-29T15:30:00+01:00,40,FC Bayern München,98,FC St. Pauli,train,0.358974,0.46988,1.0,0.012048,1.0,0.012048,0.833333,0.072289,-1.464286,0.337349,0.0,0.024096,1.0,0.012048,-0.384615,0.156627
77359,2025,bl1,12,2025-11-29T15:30:00+01:00,134,SV Werder Bremen,65,1. FC Köln,train,0.0,0.325843,-0.470588,0.191011,-1.0,0.044944,1.058824,0.191011,-0.730769,0.295455,-0.666667,0.136364,-0.5,0.068182,0.454545,0.125
77361,2025,bl1,12,2025-11-29T15:30:00+01:00,80,1. FC Union Berlin,199,1. FC Heidenheim 1846,train,0.466667,0.180723,-0.25,0.048193,-2.0,0.012048,0.909091,0.13253,-1.0,0.404762,0.0,0.02381,0.0,0.0,0.333333,0.035714
77362,2025,bl1,12,2025-11-29T15:30:00+01:00,175,TSG Hoffenheim,95,FC Augsburg,train,1.2,0.1875,0.8,0.0625,1.0,0.0125,1.333333,0.1125,0.545455,0.37931,-0.2,0.114943,0.0,0.011494,1.285714,0.16092
77356,2025,bl1,12,2025-11-29T18:30:00+01:00,6,Bayer 04 Leverkusen,7,Borussia Dortmund,train,1.375,0.415584,-0.8,0.064935,-1.0,0.012987,1.571429,0.181818,0.484848,0.428571,-0.166667,0.077922,-1.0,0.012987,0.782609,0.298701
77363,2025,bl1,12,2025-11-30T15:30:00+01:00,100,Hamburger SV,16,VfB Stuttgart,train,-0.541667,0.303797,-0.727273,0.139241,-1.0,0.037975,0.0,0.050633,1.186047,0.494253,-0.2,0.057471,-0.2,0.057471,1.153846,0.149425
77357,2025,bl1,12,2025-11-30T17:30:00+01:00,91,Eintracht Frankfurt,131,VfL Wolfsburg,train,-0.742857,0.411765,-1.321429,0.329412,-1.0,0.082353,-0.894737,0.223529,-1.483871,0.369048,-1.210526,0.22619,-1.25,0.047619,-0.666667,0.107143
77358,2025,bl1,12,2025-11-30T19:30:00+01:00,112,SC Freiburg,81,1. FSV Mainz 05,train,0.15,0.481928,-0.2,0.120482,-1.0,0.024096,0.136364,0.26506,-0.84,0.649351,-0.931034,0.376623,-0.8,0.25974,-0.814815,0.350649
77365,2025,bl1,13,2025-12-05T20:30:00+01:00,81,1. FSV Mainz 05,87,Borussia Mönchengladbach,train,-1.847222,0.878049,-0.984848,0.804878,-1.0,0.04878,-1.27907,0.52439,-0.90625,0.4,-1.25,0.15,-1.25,0.05,-0.166667,0.075
77367,2025,bl1,13,2025-12-06T15:30:00+01:00,16,VfB Stuttgart,40,FC Bayern München,train,0.625,0.328767,-0.333333,0.123288,0.0,0.09589,1.307692,0.178082,0.625,0.390244,0.5,0.04878,0.0,0.02439,0.777778,0.109756
77368,2025,bl1,13,2025-12-06T15:30:00+01:00,131,VfL Wolfsburg,80,1. FC Union Berlin,train,-1.333333,0.27907,-0.571429,0.081395,0.0,0.011628,-0.111111,0.104651,-0.5,0.311688,-0.333333,0.038961,-1.0,0.012987,0.3,0.12987
77369,2025,bl1,13,2025-12-06T15:30:00+01:00,95,FC Augsburg,6,Bayer 04 Leverkusen,train,-1.12,0.304878,-0.923077,0.158537,0.0,0.0,-0.411765,0.207317,0.833333,0.27907,0.0,0.046512,1.0,0.011628,1.333333,0.034884
77370,2025,bl1,13,2025-12-06T15:30:00+01:00,199,1. FC Heidenheim 1846,112,SC Freiburg,train,0.205882,0.478873,0.0,0.0,0.0,0.0,1.0,0.098592,0.944444,0.45,1.0,0.025,1.0,0.0125,1.0,0.1375
77371,2025,bl1,13,2025-12-06T15:30:00+01:00,65,1. FC Köln,98,FC St. Pauli,train,0.388889,0.444444,0.230769,0.160494,-0.75,0.049383,1.038462,0.320988,0.029412,0.414634,0.5,0.04878,1.0,0.012195,0.8,0.121951
77366,2025,bl1,13,2025-12-06T18:30:00+01:00,1635,RB Leipzig,91,Eintracht Frankfurt,train,0.761905,0.253012,-0.533333,0.180723,-0.5,0.048193,0.8,0.120482,-0.05,0.240964,-0.076923,0.156627,0.2,0.060241,-0.384615,0.156627
77372,2025,bl1,13,2025-12-07T15:30:00+01:00,100,Hamburger SV,134,SV Werder Bremen,train,-0.041667,0.285714,-0.666667,0.178571,-0.2,0.059524,0.714286,0.25,0.214286,0.175,0.411765,0.2125,1.0,0.0625,1.0,0.2875
77364,2025,bl1,13,2025-12-07T17:30:00+01:00,7,Borussia Dortmund,175,TSG Hoffenheim,train,-0.071429,0.333333,0.5,0.047619,0.0,0.0,-0.777778,0.107143,1.166667,0.296296,1.0,0.049383,1.0,0.024691,1.25,0.148148
77379,2025,bl1,14,2025-12-12T20:30:00+01:00,80,1. FC Union Berlin,1635,RB Leipzig,train,-1.142857,0.186667,1.0,0.066667,0.5,0.053333,0.375,0.106667,1.066667,0.352941,0.0,0.023529,0.0,0.0,1.125,0.094118
77375,2025,bl1,14,2025-12-13T15:30:00+01:00,91,Eintracht Frankfurt,95,FC Augsburg,train,-1.347826,0.277108,-0.222222,0.108434,-0.5,0.024096,-0.111111,0.108434,0.233333,0.352941,-0.416667,0.141176,0.5,0.023529,0.125,0.094118
77378,2025,bl1,14,2025-12-13T15:30:00+01:00,87,Borussia Mönchengladbach,131,VfL Wolfsburg,train,0.952381,0.256098,-1.0,0.060976,-1.0,0.036585,0.833333,0.073171,-0.5,0.318182,-0.117647,0.193182,0.0,0.034091,-0.3,0.113636
77380,2025,bl1,14,2025-12-13T15:30:00+01:00,98,FC St. Pauli,199,1. FC Heidenheim 1846,train,-1.214286,0.170732,0.666667,0.036585,-0.5,0.02439,0.666667,0.036585,0.5,0.325581,1.333333,0.034884,2.0,0.011628,1.0,0.093023
77381,2025,bl1,14,2025-12-13T15:30:00+01:00,175,TSG Hoffenheim,100,Hamburger SV,train,-0.272727,0.127907,-1.0,0.127907,-1.0,0.011628,1.5,0.093023,0.217391,0.252747,-0.333333,0.065934,-0.333333,0.032967,1.0,0.153846
77374,2025,bl1,14,2025-12-13T18:30:00+01:00,6,Bayer 04 Leverkusen,65,1. FC Köln,train,-0.666667,0.194805,-0.5,0.12987,-1.0,0.051948,1.5,0.103896,-0.37037,0.325301,-0.555556,0.108434,0.0,0.0,0.909091,0.13253
77376,2025,bl1,14,2025-12-14T15:30:00+01:00,112,SC Freiburg,7,Borussia Dortmund,train,0.708333,0.27907,-0.2,0.05814,-0.2,0.05814,0.75,0.186047,-0.225806,0.3875,-0.769231,0.1625,-1.058824,0.2125,-1.058824,0.2125
77373,2025,bl1,14,2025-12-14T17:30:00+01:00,40,FC Bayern München,81,1. FSV Mainz 05,train,1.291667,0.285714,0.2,0.119048,-0.75,0.047619,0.888889,0.107143,-0.785714,0.545455,-0.785714,0.363636,-0.75,0.103896,0.15,0.25974
77377,2025,bl1,14,2025-12-14T19:30:00+01:00,134,SV Werder Bremen,16,VfB Stuttgart,train,-0.461538,0.302326,-0.75,0.232558,-0.818182,0.127907,0.444444,0.209302,0.394737,0.44186,0.461538,0.151163,1.0,0.011628,0.428571,0.162791
77382,2025,bl1,15,2025-12-19T20:30:00+01:00,7,Borussia Dortmund,87,Borussia Mönchengladbach,train,-0.285714,0.259259,-0.8,0.123457,-0.666667,0.037037,0.333333,0.148148,-0.52381,0.253012,-0.529412,0.204819,-0.4,0.060241,0.625,0.096386
77385,2025,bl1,15,2025-12-20T15:30:00+01:00,16,VfB Stuttgart,175,TSG Hoffenheim,train,0.6,0.176471,-0.473684,0.223529,0.285714,0.082353,1.076923,0.152941,1.0,0.241379,-0.777778,0.103448,1.6,0.057471,0.833333,0.068966
77386,2025,bl1,15,2025-12-20T15:30:00+01:00,131,VfL Wolfsburg,112,SC Freiburg,train,0.62963,0.317647,-0.6,0.176471,0.333333,0.035294,1.0,0.117647,0.166667,0.206897,-1.0,0.103448,-0.142857,0.08046,1.166667,0.068966
77387,2025,bl1,15,2025-12-20T15:30:00+01:00,95,FC Augsburg,134,SV Werder Bremen,train,-0.230769,0.285714,-0.75,0.175824,-1.0,0.010989,0.533333,0.164835,-0.852941,0.369565,-1.235294,0.184783,-0.777778,0.097826,-0.052632,0.206522
77389,2025,bl1,15,2025-12-20T15:30:00+01:00,65,1. FC Köln,80,1. FC Union Berlin,train,0.121212,0.370787,0.083333,0.134831,0.625,0.089888,1.05,0.224719,0.826087,0.261364,-0.833333,0.068182,-0.333333,0.034091,1.0,0.170455
77390,2025,bl1,15,2025-12-20T15:30:00+01:00,100,Hamburger SV,91,Eintracht Frankfurt,train,0.28,0.301205,-1.3,0.240964,-1.076923,0.156627,0.666667,0.108434,-0.3125,0.181818,-0.045455,0.25,0.333333,0.068182,0.25,0.090909
77384,2025,bl1,15,2025-12-20T18:30:00+01:00,1635,RB Leipzig,6,Bayer 04 Leverkusen,train,0.277778,0.227848,-0.863636,0.278481,-0.5,0.050633,1.0,0.088608,0.0625,0.190476,-0.6875,0.190476,-0.25,0.047619,1.25,0.047619
77383,2025,bl1,15,2025-12-21T15:30:00+01:00,81,1. FSV Mainz 05,98,FC St. Pauli,train,0.142857,0.628205,0.5,0.128205,0.0,0.051282,0.714286,0.269231,-0.222222,0.243243,-0.666667,0.040541,1.0,0.013514,1.0,0.081081
77388,2025,bl1,15,2025-12-21T17:30:00+01:00,199,1. FC Heidenheim 1846,40,FC Bayern München,train,-0.84,0.308642,-0.5,0.024691,0.0,0.0,0.1,0.123457,0.37931,0.367089,-0.4,0.189873,-0.5,0.050633,0.25,0.101266
77393,2025,bl1,16,2026-01-09T20:30:00+01:00,91,Eintracht Frankfurt,7,Borussia Dortmund,train,-0.3,0.125,0.266667,0.1875,0.2,0.0625,0.529412,0.2125,0.517241,0.3625,-0.705882,0.2125,0.6,0.1875,0.3,0.25
77394,2025,bl1,16,2026-01-10T15:30:00+01:00,112,SC Freiburg,100,Hamburger SV,train,1.0,0.089744,0.333333,0.038462,0.333333,0.038462,1.0,0.012821,-0.217391,0.267442,0.142857,0.162791,0.714286,0.081395,0.4,0.174419
77398,2025,bl1,16,2026-01-10T15:30:00+01:00,80,1. FC Union Berlin,81,1. FSV Mainz 05,train,0.0,0.0125,0.0,0.0,0.0,0.0,1.0,0.0375,-1.142857,0.162791,0.0,0.046512,1.0,0.011628,0.5,0.046512
77400,2025,bl1,16,2026-01-10T15:30:00+01:00,199,1. FC Heidenheim 1846,65,1. FC Köln,train,-0.84,0.357143,-0.625,0.114286,-1.0,0.014286,-0.25,0.114286,-0.222222,0.313953,-0.555556,0.104651,0.0,0.05814,-0.470588,0.197674
77392,2025,bl1,16,2026-01-10T18:30:00+01:00,6,Bayer 04 Leverkusen,16,VfB Stuttgart,train,0.888889,0.108434,-1.0,0.012048,-1.0,0.012048,1.2,0.060241,0.0,0.08642,0.0,0.061728,-0.5,0.049383,1.25,0.049383
77397,2025,bl1,16,2026-01-11T15:30:00+01:00,87,Borussia Mönchengladbach,95,FC Augsburg,train,-0.6875,0.2,0.5,0.1,0.0,0.025,0.142857,0.0875,-0.666667,0.151899,-0.052632,0.240506,0.0,0.025316,0.833333,0.151899
77391,2025,bl1,16,2026-01-11T17:30:00+01:00,40,FC Bayern München,131,VfL Wolfsburg,train,1.189189,0.430233,0.75,0.186047,0.333333,0.104651,1.0,0.139535,0.0,0.2,0.6,0.055556,0.0,0.011111,0.833333,0.133333
77404,2025,bl1,17,2026-01-13T18:30:00+01:00,16,VfB Stuttgart,91,Eintracht Frankfurt,train,1.266667,0.592105,0.692308,0.171053,-0.333333,0.078947,1.48,0.328947,0.238095,0.2625,0.25,0.1,-1.0,0.0375,0.666667,0.1125
77401,2025,bl1,17,2026-01-13T20:30:00+01:00,7,Borussia Dortmund,134,SV Werder Bremen,train,0.027027,0.430233,-0.133333,0.174419,-0.25,0.046512,-0.105263,0.22093,-1.0,0.192308,0.590909,0.282051,0.090909,0.141026,0.818182,0.141026
77402,2025,bl1,17,2026-01-13T20:30:00+01:00,81,1. FSV Mainz 05,199,1. FC Heidenheim 1846,train,-0.666667,0.388889,-0.857143,0.12963,-1.0,0.018519,0.1,0.185185,-0.853659,0.569444,0.705882,0.236111,1.0,0.069444,0.272727,0.152778
77405,2025,bl1,17,2026-01-14T18:30:00+01:00,131,VfL Wolfsburg,98,FC St. Pauli,train,-1.894737,0.535211,0.333333,0.084507,-0.666667,0.042254,-0.75,0.112676,-0.2,0.066667,-0.777778,0.12,-0.888889,0.12,0.2,0.066667
77403,2025,bl1,17,2026-01-14T20:30:00+01:00,1635,RB Leipzig,112,SC Freiburg,train,-0.428571,0.089744,0.75,0.25641,0.833333,0.076923,0.333333,0.076923,0.548387,0.413333,-0.272727,0.146667,0.2,0.066667,1.0,0.093333
77407,2025,bl1,17,2026-01-14T20:30:00+01:00,175,TSG Hoffenheim,87,Borussia Mönchengladbach,train,0.5,0.05,0.0,0.025,0.333333,0.0375,1.0,0.0375,0.933333,0.272727,-0.2,0.090909,-1.0,0.036364,1.111111,0.163636
77408,2025,bl1,17,2026-01-14T20:30:00+01:00,65,1. FC Köln,40,FC Bayern München,train,-1.0,0.292683,-0.555556,0.219512,-0.666667,0.073171,-0.526316,0.231707,1.633333,0.379747,-0.444444,0.113924,-0.2,0.063291,1.3125,0.202532
77406,2025,bl1,17,2026-01-15T20:30:00+01:00,95,FC Augsburg,80,1. FC Union Berlin,train,-1.181818,0.146667,-0.636364,0.146667,-1.0,0.013333,-1.0,0.026667,0.833333,0.4,-1.0,0.026667,0.0,0.0,1.090909,0.293333
77412,2025,bl1,18,2026-01-16T20:30:00+01:00,134,SV Werder Bremen,91,Eintracht Frankfurt,train,-1.333333,0.461538,-0.55,0.25641,-1.0,0.089744,-0.3,0.25641,-0.971429,0.472973,-1.125,0.324324,-1.0,0.108108,-0.65,0.27027
77410,2025,bl1,18,2026-01-17T15:30:00+01:00,7,Borussia Dortmund,98,FC St. Pauli,train,0.7,0.361446,-1.0,0.13253,-1.0,0.072289,0.142857,0.084337,-0.923077,0.5,-1.166667,0.076923,-1.0,0.012821,0.0,0.076923
77414,2025,bl1,18,2026-01-17T15:30:00+01:00,131,VfL Wolfsburg,199,1. FC Heidenheim 1846,train,-0.733333,0.365854,-1.111111,0.109756,-0.666667,0.073171,-0.090909,0.134146,-1.0,0.584615,0.592593,0.415385,-1.0,0.015385,-0.7,0.153846
77416,2025,bl1,18,2026-01-17T15:30:00+01:00,175,TSG Hoffenheim,6,Bayer 04 Leverkusen,train,1.285714,0.265823,0.0,0.025316,1.0,0.012658,1.25,0.101266,0.0,0.168831,0.25,0.103896,1.0,0.038961,1.25,0.051948
77417,2025,bl1,18,2026-01-17T15:30:00+01:00,65,1. FC Köln,81,1. FSV Mainz 05,train,-0.826087,0.575,0.083333,0.15,0.0,0.0,0.28,0.3125,0.466667,0.241935,0.0,0.064516,-1.0,0.016129,0.5,0.096774
77418,2025,bl1,18,2026-01-17T15:30:00+01:00,100,Hamburger SV,87,Borussia Mönchengladbach,train,0.454545,0.139241,-0.666667,0.075949,0.0,0.012658,0.333333,0.075949,-0.84,0.347222,0.25,0.055556,0.0,0.0,-0.25,0.111111
77411,2025,bl1,18,2026-01-17T18:30:00+01:00,1635,RB Leipzig,40,FC Bayern München,train,0.6875,0.405063,0.058824,0.21519,0.181818,0.139241,1.117647,0.21519,1.5,0.452381,-0.473684,0.22619,-0.25,0.095238,0.833333,0.071429
77413,2025,bl1,18,2026-01-18T15:30:00+01:00,16,VfB Stuttgart,80,1. FC Union Berlin,train,1.111111,0.6,1.0,0.055556,0.333333,0.033333,1.066667,0.333333,0.521739,0.315068,-0.857143,0.09589,1.0,0.013699,0.846154,0.178082
77415,2025,bl1,18,2026-01-18T17:30:00+01:00,95,FC Augsburg,112,SC Freiburg,train,-0.230769,0.464286,0.363636,0.196429,1.0,0.017857,0.666667,0.214286,-0.615385,0.366197,0.111111,0.126761,0.75,0.056338,0.777778,0.126761
77426,2025,bl1,19,2026-01-23T20:30:00+01:00,98,FC St. Pauli,100,Hamburger SV,train,-1.074074,0.36,0.214286,0.186667,-0.5,0.053333,0.4,0.266667,0.368421,0.287879,0.47619,0.318182,-1.0,0.015152,1.0,0.19697
77419,2025,bl1,19,2026-01-24T15:30:00+01:00,40,FC Bayern München,95,FC Augsburg,train,1.371429,0.406977,0.307692,0.151163,-0.5,0.046512,0.916667,0.139535,-0.571429,0.175,-0.181818,0.275,-1.0,0.075,0.888889,0.225
77420,2025,bl1,19,2026-01-24T15:30:00+01:00,6,Bayer 04 Leverkusen,134,SV Werder Bremen,train,-0.3,0.238095,0.307692,0.154762,1.0,0.047619,0.307692,0.154762,-0.3,0.123457,0.166667,0.148148,-1.0,0.037037,0.6,0.123457
77421,2025,bl1,19,2026-01-24T15:30:00+01:00,91,Eintracht Frankfurt,175,TSG Hoffenheim,train,-1.0,0.480519,-0.5,0.25974,-1.0,0.038961,-0.411765,0.220779,1.222222,0.225,0.5,0.05,1.0,0.0125,1.0,0.1375
77423,2025,bl1,19,2026-01-24T15:30:00+01:00,81,1. FSV Mainz 05,131,VfL Wolfsburg,train,-0.692308,0.313253,0.903226,0.373494,1.0,0.108434,0.733333,0.180723,-0.333333,0.107143,0.714286,0.083333,0.75,0.047619,0.625,0.095238
77427,2025,bl1,19,2026-01-24T15:30:00+01:00,199,1. FC Heidenheim 1846,1635,RB Leipzig,train,-0.7,0.224719,0.2,0.11236,0.0,0.022472,0.5,0.067416,-0.478261,0.270588,-0.538462,0.152941,-0.8,0.058824,0.909091,0.129412
77425,2025,bl1,19,2026-01-24T18:30:00+01:00,80,1. FC Union Berlin,7,Borussia Dortmund,train,0.538462,0.149425,0.166667,0.068966,0.0,0.0,0.833333,0.137931,-0.148148,0.325301,-0.909091,0.13253,-0.5,0.024096,-0.166667,0.216867
77424,2025,bl1,19,2026-01-25T15:30:00+01:00,87,Borussia Mönchengladbach,16,VfB Stuttgart,train,-0.909091,0.148649,-0.090909,0.148649,-0.2,0.067568,-0.333333,0.081081,-0.384615,0.168831,0.25,0.051948,-1.0,0.012987,0.0,0.064935
77422,2025,bl1,19,2026-01-25T17:30:00+01:00,112,SC Freiburg,65,1. FC Köln,train,0.852941,0.425,0.0,0.125,-1.0,0.025,1.0,0.15,0.357143,0.166667,-0.714286,0.083333,0.666667,0.035714,0.727273,0.130952
77395,2025,bl1,16,2026-01-27T20:30:00+01:00,134,SV Werder Bremen,175,TSG Hoffenheim,train,-1.166667,0.346154,-0.714286,0.134615,-0.5,0.038462,0.2,0.096154,1.034483,0.39726,0.0,0.041096,1.0,0.013699,1.0,0.09589
77399,2025,bl1,16,2026-01-27T20:30:00+01:00,98,FC St. Pauli,1635,RB Leipzig,train,-0.84,0.362319,0.375,0.115942,0.5,0.028986,0.428571,0.101449,0.045455,0.305556,1.0,0.041667,0.0,0.0,0.545455,0.152778
77435,2025,bl1,20,2026-01-30T20:30:00+01:00,65,1. FC Köln,131,VfL Wolfsburg,train,-0.625,0.292683,-0.277778,0.219512,-1.0,0.012195,0.333333,0.146341,-1.304348,0.255556,-0.4375,0.177778,0.0,0.044444,-0.2,0.166667
77428,2025,bl1,20,2026-01-31T15:30:00+01:00,91,Eintracht Frankfurt,6,Bayer 04 Leverkusen,train,-1.146341,0.506173,0.484848,0.407407,0.2,0.061728,-0.454545,0.271605,0.724138,0.337209,1.0,0.023256,-1.0,0.011628,0.833333,0.069767
77430,2025,bl1,20,2026-01-31T15:30:00+01:00,1635,RB Leipzig,81,1. FSV Mainz 05,train,0.0,0.230769,-0.45,0.25641,-0.888889,0.115385,0.166667,0.076923,0.052632,0.271429,0.666667,0.085714,1.0,0.028571,1.0,0.042857
77431,2025,bl1,20,2026-01-31T15:30:00+01:00,134,SV Werder Bremen,87,Borussia Mönchengladbach,train,-1.428571,0.345679,-0.777778,0.222222,0.0,0.061728,-0.875,0.197531,-0.913043,0.267442,0.428571,0.081395,1.0,0.023256,-0.2,0.05814
77433,2025,bl1,20,2026-01-31T15:30:00+01:00,95,FC Augsburg,98,FC St. Pauli,train,0.795455,0.5,-0.285714,0.159091,-0.6,0.056818,1.166667,0.204545,-0.347826,0.283951,0.571429,0.08642,-0.666667,0.037037,1.0,0.08642
77434,2025,bl1,20,2026-01-31T15:30:00+01:00,175,TSG Hoffenheim,80,1. FC Union Berlin,train,1.310345,0.353659,-0.4,0.121951,1.0,0.012195,1.2,0.121951,-0.764706,0.220779,0.0,0.103896,1.0,0.025974,0.222222,0.116883
77436,2025,bl1,20,2026-01-31T18:30:00+01:00,100,Hamburger SV,40,FC Bayern München,train,-0.5,0.170732,-1.0,0.170732,-1.0,0.060976,0.833333,0.073171,0.641509,0.609195,0.692308,0.149425,-0.5,0.091954,1.055556,0.206897
77432,2025,bl1,20,2026-02-01T15:30:00+01:00,16,VfB Stuttgart,112,SC Freiburg,train,0.5,0.344828,1.0,0.045977,1.0,0.022989,0.6,0.172414,0.384615,0.453488,-0.666667,0.174419,-0.111111,0.104651,0.692308,0.151163
77429,2025,bl1,20,2026-02-01T17:30:00+01:00,7,Borussia Dortmund,199,1. FC Heidenheim 1846,train,0.73913,0.267442,-0.125,0.093023,0.5,0.023256,1.0,0.046512,-1.1,0.465116,0.666667,0.139535,0.0,0.0,0.818182,0.127907
77442,2025,bl1,21,2026-02-06T20:30:00+01:00,80,1. FC Union Berlin,91,Eintracht Frankfurt,train,-0.583333,0.164384,0.0,0.041096,0.0,0.027397,0.285714,0.09589,-1.102564,0.481481,-0.529412,0.209877,-1.0,0.024691,-0.241379,0.358025
77438,2025,bl1,21,2026-02-07T15:30:00+01:00,112,SC Freiburg,134,SV Werder Bremen,train,0.111111,0.222222,-1.0,0.074074,0.0,0.0,1.0,0.061728,-1.272727,0.4125,-0.266667,0.1875,-0.333333,0.0375,-0.352941,0.2125
77439,2025,bl1,21,2026-02-07T15:30:00+01:00,81,1. FSV Mainz 05,95,FC Augsburg,train,0.44,0.320513,0.875,0.102564,1.0,0.012821,1.0,0.076923,0.894737,0.223529,0.916667,0.141176,0.0,0.011765,0.833333,0.070588
77441,2025,bl1,21,2026-02-07T15:30:00+01:00,131,VfL Wolfsburg,7,Borussia Dortmund,train,-0.9375,0.210526,0.5,0.105263,0.8,0.065789,0.285714,0.092105,0.807692,0.295455,-0.818182,0.25,-0.875,0.090909,0.772727,0.25
77443,2025,bl1,21,2026-02-07T15:30:00+01:00,98,FC St. Pauli,16,VfB Stuttgart,train,-0.964286,0.35,-1.444444,0.1125,-1.0,0.025,-0.333333,0.075,1.2,0.4375,-0.5,0.125,-0.333333,0.1125,1.166667,0.075
77444,2025,bl1,21,2026-02-07T15:30:00+01:00,199,1. FC Heidenheim 1846,100,Hamburger SV,train,-1.074074,0.303371,-0.1,0.11236,1.0,0.011236,0.5,0.044944,-0.090909,0.139241,0.6,0.063291,1.0,0.012658,1.0,0.050633
77440,2025,bl1,21,2026-02-07T18:30:00+01:00,87,Borussia Mönchengladbach,6,Bayer 04 Leverkusen,train,-0.777778,0.123288,0.666667,0.123288,1.0,0.013699,0.666667,0.082192,1.0,0.333333,0.0,0.027778,0.0,0.0,1.375,0.111111
77445,2025,bl1,21,2026-02-08T15:30:00+01:00,65,1. FC Köln,1635,RB Leipzig,train,0.666667,0.139535,0.1,0.116279,-1.0,0.034884,1.0,0.081395,-0.588235,0.242857,0.125,0.114286,1.0,0.057143,0.444444,0.128571
77437,2025,bl1,21,2026-02-08T17:30:00+01:00,40,FC Bayern München,175,TSG Hoffenheim,train,0.35,0.263158,1.0,0.052632,0.2,0.065789,0.4,0.065789,1.208333,0.32,0.0,0.0,1.0,0.013333,0.8,0.066667
77448,2025,bl1,22,2026-02-13T20:30:00+01:00,7,Borussia Dortmund,81,1. FSV Mainz 05,train,1.433333,0.38961,-0.884615,0.337662,-0.428571,0.090909,1.0,0.298701,1.166667,0.473684,0.6,0.065789,1.0,0.065789,1.454545,0.289474
77446,2025,bl1,22,2026-02-14T15:30:00+01:00,6,Bayer 04 Leverkusen,98,FC St. Pauli,train,0.766667,0.410959,0.25,0.109589,1.0,0.041096,1.0,0.068493,-0.041667,0.363636,1.0,0.015152,1.0,0.015152,1.0,0.075758
77447,2025,bl1,22,2026-02-14T15:30:00+01:00,91,Eintracht Frankfurt,87,Borussia Mönchengladbach,train,-1.269231,0.298851,-0.75,0.183908,-1.111111,0.103448,-0.421053,0.218391,-0.6875,0.213333,-0.5,0.106667,-1.0,0.013333,-0.666667,0.12
77450,2025,bl1,22,2026-02-14T15:30:00+01:00,134,SV Werder Bremen,40,FC Bayern München,train,-1.322581,0.424658,-0.692308,0.178082,-1.0,0.013699,-0.210526,0.260274,0.916667,0.342857,-0.181818,0.157143,0.0,0.028571,1.076923,0.185714
77453,2025,bl1,22,2026-02-14T15:30:00+01:00,175,TSG Hoffenheim,112,SC Freiburg,train,-0.413793,0.381579,0.6,0.131579,1.0,0.013158,0.714286,0.092105,0.815789,0.506667,0.166667,0.16,-1.0,0.026667,1.391304,0.306667
77454,2025,bl1,22,2026-02-14T15:30:00+01:00,100,Hamburger SV,80,1. FC Union Berlin,train,0.791667,0.324324,-0.555556,0.121622,0.2,0.067568,1.0,0.162162,-0.875,0.222222,-0.714286,0.097222,-1.0,0.013889,0.25,0.055556
77451,2025,bl1,22,2026-02-14T18:30:00+01:00,16,VfB Stuttgart,65,1. FC Köln,train,0.103448,0.349398,-0.1,0.120482,0.166667,0.072289,0.75,0.144578,-0.871795,0.448276,-0.238095,0.241379,0.166667,0.068966,0.76,0.287356
77452,2025,bl1,22,2026-02-15T15:30:00+01:00,95,FC Augsburg,199,1. FC Heidenheim 1846,train,-0.368421,0.240506,0.666667,0.037975,0.0,0.0,0.363636,0.139241,-1.325,0.506329,-1.0,0.063291,-1.0,0.012658,-0.133333,0.189873
77449,2025,bl1,22,2026-02-15T17:30:00+01:00,1635,RB Leipzig,131,VfL Wolfsburg,train,0.153846,0.342105,-0.307692,0.171053,-0.6,0.065789,-0.142857,0.092105,-1.35,0.246914,-0.75,0.049383,-1.0,0.012346,0.0,0.111111
77457,2025,bl1,23,2026-02-20T20:30:00+01:00,81,1. FSV Mainz 05,100,Hamburger SV,train,-0.84375,0.4,-0.5,0.05,1.0,0.0125,0.333333,0.0375,1.115385,0.351351,-0.071429,0.189189,1.0,0.027027,1.25,0.162162
77455,2025,bl1,23,2026-02-21T15:30:00+01:00,40,FC Bayern München,91,Eintracht Frankfurt,train,1.142857,0.276316,-0.333333,0.039474,0.0,0.026316,1.1,0.131579,0.222222,0.230769,-0.727273,0.141026,-0.857143,0.089744,0.571429,0.179487
77459,2025,bl1,23,2026-02-21T15:30:00+01:00,131,VfL Wolfsburg,95,FC Augsburg,train,-0.956522,0.277108,-1.0,0.060241,-1.0,0.024096,-0.142857,0.084337,0.8,0.290698,-0.363636,0.127907,-1.0,0.011628,1.357143,0.162791
77460,2025,bl1,23,2026-02-21T15:30:00+01:00,80,1. FC Union Berlin,6,Bayer 04 Leverkusen,train,-1.1,0.273973,-0.5,0.054795,0.0,0.027397,-0.142857,0.09589,1.1,0.487805,0.2,0.060976,-0.666667,0.036585,1.0,0.280488
77463,2025,bl1,23,2026-02-21T15:30:00+01:00,65,1. FC Köln,175,TSG Hoffenheim,train,-0.464286,0.329412,-0.133333,0.176471,0.0,0.023529,0.529412,0.2,1.423077,0.320988,0.0,0.08642,-0.5,0.049383,1.0,0.148148
77458,2025,bl1,23,2026-02-21T18:30:00+01:00,1635,RB Leipzig,7,Borussia Dortmund,train,-0.444444,0.350649,0.2,0.194805,1.0,0.012987,0.0625,0.207792,1.181818,0.458333,-0.266667,0.208333,1.0,0.027778,1.4,0.208333
77456,2025,bl1,23,2026-02-22T15:30:00+01:00,112,SC Freiburg,87,Borussia Mönchengladbach,train,-0.041667,0.3,-0.666667,0.075,0.0,0.025,0.75,0.05,-1.206897,0.391892,-0.928571,0.189189,-0.777778,0.121622,-0.666667,0.081081
77461,2025,bl1,23,2026-02-22T17:30:00+01:00,98,FC St. Pauli,134,SV Werder Bremen,train,-0.571429,0.35,1.0,0.0625,1.0,0.025,0.625,0.1,-1.318182,0.271605,-1.166667,0.074074,-1.0,0.012346,0.111111,0.111111
77462,2025,bl1,23,2026-02-22T19:30:00+01:00,199,1. FC Heidenheim 1846,16,VfB Stuttgart,train,-1.351351,0.445783,1.0,0.048193,0.0,0.0,0.444444,0.216867,1.358974,0.464286,0.5,0.02381,0.833333,0.071429,1.111111,0.214286
77470,2025,bl1,24,2026-02-27T20:30:00+01:00,95,FC Augsburg,65,1. FC Köln,train,1.214286,0.329412,0.2,0.176471,-1.0,0.011765,1.631579,0.223529,-0.28,0.297619,-1.636364,0.261905,-1.285714,0.166667,0.333333,0.214286
77464,2025,bl1,24,2026-02-28T15:30:00+01:00,6,Bayer 04 Leverkusen,81,1. FSV Mainz 05,train,-0.076923,0.175676,-1.333333,0.040541,-1.0,0.040541,-0.2,0.067568,-0.090909,0.144737,1.0,0.013158,0.0,0.0,0.666667,0.039474
77467,2025,bl1,24,2026-02-28T15:30:00+01:00,134,SV Werder Bremen,199,1. FC Heidenheim 1846,train,-1.611111,0.486486,-1.111111,0.243243,-0.5,0.054054,-0.304348,0.310811,-1.138889,0.423529,-1.0,0.058824,-1.0,0.011765,0.461538,0.152941
77469,2025,bl1,24,2026-02-28T15:30:00+01:00,87,Borussia Mönchengladbach,80,1. FC Union Berlin,train,-1.366667,0.394737,0.3,0.131579,0.333333,0.039474,-0.5,0.157895,0.133333,0.202703,-0.5,0.081081,0.0,0.040541,0.333333,0.081081
77471,2025,bl1,24,2026-02-28T15:30:00+01:00,175,TSG Hoffenheim,98,FC St. Pauli,train,0.6,0.25641,0.090909,0.141026,0.5,0.051282,0.818182,0.141026,-0.12,0.333333,0.5,0.08,0.0,0.026667,1.0,0.08
77466,2025,bl1,24,2026-02-28T18:30:00+01:00,7,Borussia Dortmund,40,FC Bayern München,train,-0.433962,0.6625,0.071429,0.175,-0.25,0.05,0.37037,0.3375,0.96875,0.405063,-0.785714,0.35443,0.0,0.189873,1.607143,0.35443
77468,2025,bl1,24,2026-03-01T15:30:00+01:00,16,VfB Stuttgart,131,VfL Wolfsburg,train,0.391304,0.294872,-0.5,0.051282,-1.0,0.012821,1.181818,0.141026,-1.48,0.352113,-1.0,0.098592,-1.0,0.014085,0.1,0.140845
77465,2025,bl1,24,2026-03-01T17:30:00+01:00,91,Eintracht Frankfurt,112,SC Freiburg,train,-0.4375,0.207792,0.666667,0.077922,1.0,0.038961,0.8,0.12987,0.428571,0.177215,-0.555556,0.113924,-1.0,0.012658,1.0,0.139241
77472,2025,bl1,24,2026-03-01T19:30:00+01:00,100,Hamburger SV,1635,RB Leipzig,train,0.3,0.142857,1.0,0.042857,1.0,0.014286,1.333333,0.085714,-0.344828,0.381579,-0.818182,0.144737,1.0,0.065789,0.4,0.197368
77409,2025,bl1,17,2026-03-04T20:30:00+01:00,100,Hamburger SV,6,Bayer 04 Leverkusen,train,-0.695652,0.280488,-1.076923,0.158537,-1.0,0.097561,0.571429,0.170732,-0.6,0.306122,-1.0,0.020408,-1.5,0.040816,-0.8,0.102041
77473,2025,bl1,25,2026-03-06T20:30:00+01:00,40,FC Bayern München,87,Borussia Mönchengladbach,train,1.26087,0.283951,-0.5,0.246914,-0.5,0.17284,1.235294,0.209877,-0.068966,0.367089,-1.636364,0.139241,-1.0,0.025316,0.777778,0.113924
77474,2025,bl1,25,2026-03-07T15:30:00+01:00,112,SC Freiburg,6,Bayer 04 Leverkusen,train,0.357143,0.27451,0.333333,0.058824,1.0,0.019608,1.0,0.156863,0.6,0.140845,-1.0,0.056338,-1.0,0.028169,0.857143,0.098592
77475,2025,bl1,25,2026-03-07T15:30:00+01:00,81,1. FSV Mainz 05,16,VfB Stuttgart,train,-0.185185,0.325301,-0.333333,0.216867,-1.0,0.012048,0.764706,0.204819,1.162162,0.45679,0.222222,0.111111,0.0,0.061728,1.0,0.246914
77476,2025,bl1,25,2026-03-07T15:30:00+01:00,1635,RB Leipzig,95,FC Augsburg,train,0.363636,0.275,0.2,0.0625,-0.142857,0.0875,1.0,0.15,1.258065,0.373494,-0.142857,0.084337,0.0,0.024096,1.222222,0.108434
77477,2025,bl1,25,2026-03-07T15:30:00+01:00,131,VfL Wolfsburg,100,Hamburger SV,train,-1.607143,0.583333,-0.833333,0.125,1.0,0.020833,-0.944444,0.375,-0.3125,0.210526,-0.75,0.105263,-1.0,0.026316,0.142857,0.092105
77480,2025,bl1,25,2026-03-07T15:30:00+01:00,199,1. FC Heidenheim 1846,175,TSG Hoffenheim,train,-1.125,0.405063,-1.0,0.025316,-1.0,0.012658,-0.571429,0.088608,0.318182,0.289474,-0.727273,0.144737,1.0,0.013158,1.0,0.105263
77481,2025,bl1,25,2026-03-07T18:30:00+01:00,65,1. FC Köln,7,Borussia Dortmund,train,-1.030303,0.362637,-0.375,0.175824,0.0,0.065934,0.190476,0.230769,-0.566667,0.4,-0.555556,0.12,-0.75,0.053333,-0.266667,0.2
77479,2025,bl1,25,2026-03-08T15:30:00+01:00,98,FC St. Pauli,91,Eintracht Frankfurt,train,0.7,0.263158,-0.333333,0.039474,0.0,0.0,0.714286,0.092105,0.5,0.17284,-0.5,0.049383,0.333333,0.037037,0.833333,0.148148
77478,2025,bl1,25,2026-03-08T17:30:00+01:00,80,1. FC Union Berlin,134,SV Werder Bremen,train,-0.777778,0.3375,0.285714,0.0875,1.0,0.0125,0.333333,0.075,0.173913,0.302632,-0.9,0.131579,-0.833333,0.078947,0.916667,0.157895
77488,2025,bl1,26,2026-03-13T20:30:00+01:00,87,Borussia Mönchengladbach,98,FC St. Pauli,train,-1.055556,0.243243,-0.857143,0.094595,-1.0,0.013514,-0.5,0.054054,0.166667,0.26087,-1.0,0.072464,1.0,0.014493,1.0,0.072464
77482,2025,bl1,26,2026-03-14T15:30:00+01:00,6,Bayer 04 Leverkusen,40,FC Bayern München,train,0.208333,0.3,-0.666667,0.1125,-0.25,0.1,0.916667,0.15,1.291667,0.303797,-0.333333,0.151899,-1.0,0.063291,1.0,0.164557
77483,2025,bl1,26,2026-03-14T15:30:00+01:00,91,Eintracht Frankfurt,199,1. FC Heidenheim 1846,train,0.0,0.227848,-0.666667,0.151899,-0.555556,0.113924,-0.142857,0.088608,-1.235294,0.419753,-1.0,0.037037,0.0,0.0,0.0,0.123457
77484,2025,bl1,26,2026-03-14T15:30:00+01:00,7,Borussia Dortmund,95,FC Augsburg,train,0.272727,0.275,-0.736842,0.2375,-0.666667,0.0375,0.0,0.0875,0.30303,0.370787,-0.363636,0.123596,-0.5,0.11236,1.1,0.224719
77489,2025,bl1,26,2026-03-14T15:30:00+01:00,175,TSG Hoffenheim,131,VfL Wolfsburg,train,0.888889,0.230769,-0.2,0.064103,-1.0,0.012821,1.0,0.051282,-1.333333,0.417722,-0.222222,0.227848,-1.0,0.012658,-0.272727,0.278481
77490,2025,bl1,26,2026-03-14T18:30:00+01:00,100,Hamburger SV,65,1. FC Köln,train,0.666667,0.227848,-1.05,0.253165,-1.0,0.101266,0.7,0.126582,-0.947368,0.228916,-0.2,0.120482,0.333333,0.036145,0.0,0.144578
77486,2025,bl1,26,2026-03-15T15:30:00+01:00,134,SV Werder Bremen,81,1. FSV Mainz 05,train,0.782609,0.258427,-0.4,0.05618,-0.5,0.022472,1.230769,0.146067,-0.064516,0.360465,-1.34375,0.372093,-1.0,0.046512,-0.25,0.232558
77485,2025,bl1,26,2026-03-15T17:30:00+01:00,112,SC Freiburg,80,1. FC Union Berlin,train,-0.545455,0.39759,-0.714286,0.168675,-1.0,0.012048,0.117647,0.204819,-1.0625,0.197531,-0.142857,0.08642,0.833333,0.074074,-0.5,0.049383
77487,2025,bl1,26,2026-03-15T19:30:00+01:00,16,VfB Stuttgart,1635,RB Leipzig,train,-0.708333,0.292683,0.0,0.036585,-0.75,0.04878,0.466667,0.182927,0.6,0.182927,-0.111111,0.109756,-0.142857,0.085366,1.4,0.121951
77494,2025,bl1,27,2026-03-20T20:30:00+01:00,1635,RB Leipzig,175,TSG Hoffenheim,train,-0.73913,0.294872,0.5,0.051282,0.0,0.0,1.0,0.115385,0.545455,0.144737,-1.333333,0.039474,0.0,0.0,1.0,0.078947
77491,2025,bl1,27,2026-03-21T15:30:00+01:00,40,FC Bayern München,80,1. FC Union Berlin,train,1.075,0.547945,0.0,0.123288,-0.2,0.068493,1.157895,0.260274,0.4375,0.2,0.555556,0.1125,-1.0,0.0125,0.875,0.1
77495,2025,bl1,27,2026-03-21T15:30:00+01:00,131,VfL Wolfsburg,134,SV Werder Bremen,train,-1.142857,0.432099,0.636364,0.135802,1.0,0.049383,0.391304,0.283951,-0.90625,0.390244,-1.15,0.243902,-0.5,0.097561,-0.555556,0.109756
77498,2025,bl1,27,2026-03-21T15:30:00+01:00,199,1. FC Heidenheim 1846,6,Bayer 04 Leverkusen,train,-1.416667,0.473684,1.0,0.013158,0.0,0.0,-0.125,0.105263,-0.470588,0.207317,1.0,0.036585,1.0,0.02439,1.0,0.04878
77499,2025,bl1,27,2026-03-21T15:30:00+01:00,65,1. FC Köln,87,Borussia Mönchengladbach,train,-1.166667,0.467532,0.36,0.324675,0.571429,0.090909,0.15625,0.415584,-0.304348,0.306667,0.583333,0.16,0.0,0.026667,0.666667,0.16
77492,2025,bl1,27,2026-03-21T18:30:00+01:00,7,Borussia Dortmund,100,Hamburger SV,train,1.047619,0.269231,0.4,0.192308,-0.2,0.064103,0.809524,0.269231,0.333333,0.144578,-1.0,0.120482,-1.0,0.012048,-0.454545,0.13253
77493,2025,bl1,27,2026-03-22T15:30:00+01:00,81,1. FSV Mainz 05,91,Eintracht Frankfurt,train,1.058824,0.43038,-0.090909,0.139241,-0.5,0.050633,1.333333,0.189873,-0.133333,0.194805,0.666667,0.077922,0.0,0.0,0.166667,0.077922
77497,2025,bl1,27,2026-03-22T17:30:00+01:00,98,FC St. Pauli,112,SC Freiburg,train,-0.916667,0.166667,-1.0,0.013889,0.0,0.0,0.0,0.013889,1.133333,0.365854,0.75,0.04878,0.0,0.02439,1.625,0.195122
77496,2025,bl1,27,2026-03-22T19:30:00+01:00,95,FC Augsburg,16,VfB Stuttgart,train,-0.666667,0.306818,-0.5,0.045455,1.0,0.011364,0.857143,0.079545,-0.041667,0.282353,0.0,0.047059,-1.0,0.023529,0.555556,0.105882
77500,2025,bl1,28,2026-04-04T15:30:00+02:00,6,Bayer 04 Leverkusen,131,VfL Wolfsburg,test,-0.307692,0.164557,-1.0,0.037975,0.0,0.025316,0.333333,0.113924,-1.272727,0.445946,-0.666667,0.121622,-0.333333,0.040541,-0.2,0.202703
77502,2025,bl1,28,2026-04-04T15:30:00+02:00,112,SC Freiburg,40,FC Bayern München,test,0.555556,0.25,1.0,0.027778,-0.25,0.055556,1.222222,0.125,1.538462,0.188406,-0.222222,0.130435,-0.333333,0.086957,0.75,0.057971
77503,2025,bl1,28,2026-04-04T15:30:00+02:00,134,SV Werder Bremen,1635,RB Leipzig,test,0.419355,0.3875,0.0,0.2875,-0.736842,0.2375,0.75,0.3,0.857143,0.16092,0.0,0.057471,0.0,0.034483,1.142857,0.08046
77505,2025,bl1,28,2026-04-04T15:30:00+02:00,87,Borussia Mönchengladbach,199,1. FC Heidenheim 1846,test,-0.181818,0.183333,0.5,0.133333,0.0,0.083333,1.0,0.166667,-1.25,0.410256,-1.0,0.051282,0.0,0.0,-0.25,0.102564
77507,2025,bl1,28,2026-04-04T15:30:00+02:00,175,TSG Hoffenheim,81,1. FSV Mainz 05,test,-0.9375,0.222222,0.666667,0.166667,-0.333333,0.041667,0.714286,0.097222,0.909091,0.282051,-0.2,0.064103,-1.0,0.025641,1.0,0.038462
77508,2025,bl1,28,2026-04-04T15:30:00+02:00,100,Hamburger SV,95,FC Augsburg,test,-0.176471,0.207317,-0.666667,0.146341,-0.142857,0.085366,0.692308,0.158537,-0.782609,0.333333,0.5,0.144928,-0.5,0.057971,0.333333,0.217391
77504,2025,bl1,28,2026-04-04T18:30:00+02:00,16,VfB Stuttgart,7,Borussia Dortmund,test,1.25,0.324324,0.75,0.108108,0.333333,0.040541,1.066667,0.202703,0.666667,0.189873,-0.636364,0.139241,-1.0,0.012658,0.777778,0.227848
77506,2025,bl1,28,2026-04-05T15:30:00+02:00,80,1. FC Union Berlin,98,FC St. Pauli,test,-0.666667,0.205479,0.333333,0.041096,0.0,0.013699,0.9,0.136986,-0.736842,0.263889,-0.272727,0.152778,0.0,0.027778,0.923077,0.180556
77501,2025,bl1,28,2026-04-05T17:30:00+02:00,91,Eintracht Frankfurt,65,1. FC Köln,test,-0.590909,0.275,-0.733333,0.1875,-1.0,0.0625,-0.0625,0.2,-0.73913,0.302632,0.5,0.105263,0.0,0.0,0.181818,0.144737
77514,2025,bl1,29,2026-04-10T20:30:00+02:00,95,FC Augsburg,175,TSG Hoffenheim,test,-0.318182,0.34375,-0.454545,0.171875,0.333333,0.046875,0.181818,0.171875,-0.714286,0.28,-1.0,0.013333,-1.0,0.013333,-0.857143,0.093333
77509,2025,bl1,29,2026-04-11T15:30:00+02:00,7,Borussia Dortmund,6,Bayer 04 Leverkusen,test,0.592593,0.350649,0.066667,0.194805,-1.0,0.025974,0.875,0.207792,0.333333,0.222222,0.666667,0.074074,0.833333,0.074074,1.0,0.111111
77511,2025,bl1,29,2026-04-11T15:30:00+02:00,1635,RB Leipzig,87,Borussia Mönchengladbach,test,0.833333,0.169014,-0.5,0.056338,-1.0,0.014085,0.5,0.056338,-0.625,0.202532,-0.333333,0.113924,-0.2,0.063291,0.428571,0.088608
77513,2025,bl1,29,2026-04-11T15:30:00+02:00,131,VfL Wolfsburg,91,Eintracht Frankfurt,test,-1.297872,0.580247,-0.733333,0.185185,-1.0,0.061728,-0.24,0.308642,-0.444444,0.236842,-0.8,0.065789,-0.5,0.052632,0.083333,0.157895
77516,2025,bl1,29,2026-04-11T15:30:00+02:00,199,1. FC Heidenheim 1846,80,1. FC Union Berlin,test,-1.162162,0.536232,-0.25,0.115942,0.555556,0.130435,0.0625,0.231884,-0.333333,0.253521,0.333333,0.084507,1.0,0.028169,0.636364,0.15493
77515,2025,bl1,29,2026-04-11T18:30:00+02:00,98,FC St. Pauli,40,FC Bayern München,test,-0.911765,0.441558,-1.0,0.038961,-1.0,0.025974,1.0,0.025974,0.870968,0.418919,-0.636364,0.148649,-0.857143,0.094595,0.857143,0.094595
77517,2025,bl1,29,2026-04-12T15:30:00+02:00,65,1. FC Köln,134,SV Werder Bremen,test,-0.666667,0.341772,0.0,0.151899,0.285714,0.088608,0.9,0.253165,-0.703704,0.341772,-0.35,0.253165,-0.7,0.126582,0.263158,0.240506
77512,2025,bl1,29,2026-04-12T17:30:00+02:00,16,VfB Stuttgart,100,Hamburger SV,test,0.4,0.126582,-0.8,0.063291,0.0,0.012658,1.0,0.101266,0.35,0.25,-1.153846,0.1625,-0.444444,0.1125,1.0,0.0875
77510,2025,bl1,29,2026-04-12T19:30:00+02:00,81,1. FSV Mainz 05,112,SC Freiburg,test,1.37037,0.760563,-0.545455,0.15493,1.0,0.014085,1.034483,0.408451,1.309524,0.56,0.7,0.133333,1.0,0.04,1.285714,0.28
77525,2025,bl1,30,2026-04-17T20:30:00+02:00,98,FC St. Pauli,65,1. FC Köln,test,-1.257143,0.466667,-0.75,0.053333,-1.0,0.013333,0.142857,0.093333,0.428571,0.486111,0.375,0.222222,-0.5,0.055556,1.2,0.347222
77519,2025,bl1,30,2026-04-18T15:30:00+02:00,6,Bayer 04 Leverkusen,95,FC Augsburg,test,0.586207,0.358025,0.333333,0.074074,1.0,0.024691,0.4,0.061728,0.222222,0.115385,0.625,0.102564,0.6,0.064103,0.666667,0.076923
77522,2025,bl1,30,2026-04-18T15:30:00+02:00,134,SV Werder Bremen,100,Hamburger SV,test,-0.916667,0.3,-0.2,0.1875,0.333333,0.0375,0.266667,0.1875,-0.6875,0.410256,-0.25,0.102564,-1.0,0.051282,0.6,0.128205
77524,2025,bl1,30,2026-04-18T15:30:00+02:00,80,1. FC Union Berlin,131,VfL Wolfsburg,test,-0.777778,0.243243,0.607143,0.378378,0.0,0.0,0.583333,0.162162,-1.333333,0.208333,0.333333,0.083333,-1.0,0.013889,-0.5,0.055556
77526,2025,bl1,30,2026-04-18T15:30:00+02:00,175,TSG Hoffenheim,7,Borussia Dortmund,test,-0.833333,0.24,0.0,0.066667,1.0,0.026667,0.272727,0.146667,-0.115385,0.329114,-0.545455,0.139241,-0.2,0.063291,0.5,0.126582
77520,2025,bl1,30,2026-04-18T18:30:00+02:00,91,Eintracht Frankfurt,1635,RB Leipzig,test,0.533333,0.189873,-0.833333,0.075949,0.333333,0.037975,1.083333,0.151899,0.642857,0.168675,-0.666667,0.180723,-0.333333,0.036145,1.0,0.084337
77521,2025,bl1,30,2026-04-19T15:30:00+02:00,112,SC Freiburg,199,1. FC Heidenheim 1846,test,1.26087,0.541176,0.5,0.023529,0.0,0.023529,1.705882,0.2,-0.44,0.297619,0.333333,0.035714,0.0,0.0,1.0,0.047619
77518,2025,bl1,30,2026-04-19T17:30:00+02:00,40,FC Bayern München,16,VfB Stuttgart,test,1.404762,0.531646,-0.076923,0.164557,0.0,0.075949,0.5,0.202532,1.0,0.1,-1.0,0.0125,1.0,0.0125,1.25,0.05
77523,2025,bl1,30,2026-04-19T19:30:00+02:00,87,Borussia Mönchengladbach,81,1. FSV Mainz 05,test,-0.823529,0.239437,-0.2,0.070423,-1.0,0.014085,0.142857,0.098592,-0.814815,0.739726,-0.666667,0.082192,-1.0,0.041096,-0.37037,0.369863
77529,2025,bl1,31,2026-04-24T20:30:00+02:00,1635,RB Leipzig,80,1. FC Union Berlin,test,1.0,0.220779,-0.2,0.12987,-0.333333,0.077922,0.833333,0.077922,-0.774194,0.402597,0.25,0.051948,0.0,0.0,0.875,0.103896
77528,2025,bl1,31,2026-04-25T15:30:00+02:00,81,1. FSV Mainz 05,40,FC Bayern München,test,0.8,0.3125,1.0,0.046875,1.0,0.046875,1.0,0.0625,1.419355,0.407895,0.0,0.026316,-1.0,0.013158,1.5,0.052632
77531,2025,bl1,31,2026-04-25T15:30:00+02:00,131,VfL Wolfsburg,87,Borussia Mönchengladbach,test,0.205882,0.453333,-0.333333,0.12,-1.0,0.04,0.666667,0.16,-1.071429,0.35443,-0.125,0.202532,0.1,0.126582,0.0,0.265823
77532,2025,bl1,31,2026-04-25T15:30:00+02:00,95,FC Augsburg,91,Eintracht Frankfurt,test,0.88,0.324675,1.0,0.220779,1.2,0.12987,0.9375,0.207792,-1.052632,0.24359,-0.125,0.102564,0.0,0.051282,0.0,0.179487
77533,2025,bl1,31,2026-04-25T15:30:00+02:00,199,1. FC Heidenheim 1846,98,FC St. Pauli,test,-1.170213,0.652778,-1.0,0.083333,0.0,0.0,0.0,0.263889,-0.666667,0.089552,-1.125,0.119403,-0.333333,0.044776,0.25,0.059701
77534,2025,bl1,31,2026-04-25T15:30:00+02:00,65,1. FC Köln,6,Bayer 04 Leverkusen,test,0.3,0.253165,-0.692308,0.164557,-0.75,0.050633,0.533333,0.189873,-0.842105,0.240506,-1.0,0.050633,0.5,0.025316,-0.090909,0.139241
77535,2025,bl1,31,2026-04-25T18:30:00+02:00,100,Hamburger SV,175,TSG Hoffenheim,test,-0.888889,0.36,-0.928571,0.186667,-1.0,0.066667,0.666667,0.12,0.708333,0.3,-0.230769,0.1625,0.428571,0.0875,1.235294,0.2125
77530,2025,bl1,31,2026-04-26T15:30:00+02:00,16,VfB Stuttgart,134,SV Werder Bremen,test,0.914894,0.61039,0.571429,0.090909,-0.454545,0.142857,1.647059,0.220779,0.545455,0.271605,-0.333333,0.148148,0.0,0.049383,0.714286,0.17284
77527,2025,bl1,31,2026-04-26T17:30:00+02:00,7,Borussia Dortmund,112,SC Freiburg,test,-0.466667,0.344828,0.0,0.264368,0.5,0.137931,-0.05,0.229885,-0.740741,0.364865,0.0,0.0,0.714286,0.094595,0.5,0.135135
77536,2025,bl1,32,2026-05-02T15:30:00+02:00,40,FC Bayern München,199,1. FC Heidenheim 1846,test,0.736842,0.246753,0.8,0.064935,0.333333,0.038961,1.0,0.077922,-0.162162,0.569231,-1.0,0.076923,-1.0,0.015385,0.647059,0.261538
77538,2025,bl1,32,2026-05-02T15:30:00+02:00,91,Eintracht Frankfurt,100,Hamburger SV,test,-0.466667,0.176471,-0.625,0.094118,1.0,0.023529,0.083333,0.141176,-1.0,0.216867,0.214286,0.168675,0.555556,0.108434,0.5,0.096386
77540,2025,bl1,32,2026-05-02T15:30:00+02:00,134,SV Werder Bremen,95,FC Augsburg,test,0.125,0.205128,-0.230769,0.166667,-0.777778,0.115385,1.0,0.141026,0.736842,0.223529,1.0,0.070588,1.0,0.023529,1.1,0.117647
77542,2025,bl1,32,2026-05-02T15:30:00+02:00,80,1. FC Union Berlin,65,1. FC Köln,test,-1.066667,0.189873,-0.888889,0.113924,0.0,0.0,0.3,0.126582,-0.133333,0.194805,0.142857,0.090909,-1.0,0.012987,1.0,0.064935
77544,2025,bl1,32,2026-05-02T15:30:00+02:00,175,TSG Hoffenheim,16,VfB Stuttgart,test,0.75,0.169014,-0.272727,0.15493,1.0,0.014085,1.2,0.211268,0.681818,0.282051,-0.333333,0.038462,-0.333333,0.038462,1.4,0.192308
77537,2025,bl1,32,2026-05-02T18:30:00+02:00,6,Bayer 04 Leverkusen,1635,RB Leipzig,test,0.235294,0.2125,0.25,0.15,-1.0,0.0125,0.368421,0.2375,1.25,0.25641,0.3,0.128205,0.333333,0.038462,1.181818,0.141026
77543,2025,bl1,32,2026-05-03T15:30:00+02:00,98,FC St. Pauli,81,1. FSV Mainz 05,test,-0.6,0.072464,0.0,0.0,0.0,0.0,-1.0,0.014493,-0.266667,0.189873,0.5,0.025316,1.0,0.025316,0.888889,0.113924
77541,2025,bl1,32,2026-05-03T17:30:00+02:00,87,Borussia Mönchengladbach,7,Borussia Dortmund,test,-1.111111,0.236842,-0.25,0.105263,0.333333,0.039474,-1.272727,0.144737,0.772727,0.282051,-0.636364,0.141026,-0.285714,0.089744,0.538462,0.166667
77539,2025,bl1,32,2026-05-03T19:30:00+02:00,112,SC Freiburg,131,VfL Wolfsburg,test,-0.684211,0.25,1.0,0.026316,-2.0,0.013158,1.0,0.105263,-0.764706,0.220779,-0.2,0.064935,-1.0,0.012987,0.25,0.103896
77545,2025,bl1,33,2026-05-08T20:30:00+02:00,7,Borussia Dortmund,91,Eintracht Frankfurt,test,-0.055556,0.233766,-0.8,0.25974,-0.866667,0.194805,0.0,0.12987,-1.037037,0.317647,-1.0,0.117647,0.0,0.023529,-0.741935,0.364706
77547,2025,bl1,33,2026-05-09T15:30:00+02:00,1635,RB Leipzig,98,FC St. Pauli,test,0.111111,0.243243,0.0,0.0,0.0,0.0,0.5,0.081081,-0.952381,0.291667,-1.0,0.097222,-1.0,0.027778,0.428571,0.097222
77548,2025,bl1,33,2026-05-09T15:30:00+02:00,16,VfB Stuttgart,6,Bayer 04 Leverkusen,test,0.285714,0.085366,1.0,0.012195,0.0,0.0,0.727273,0.134146,1.0,0.129412,-1.0,0.023529,0.0,0.0,0.090909,0.129412
77550,2025,bl1,33,2026-05-09T15:30:00+02:00,95,FC Augsburg,87,Borussia Mönchengladbach,test,0.92,0.294118,-0.75,0.094118,-1.0,0.047059,1.125,0.094118,0.647059,0.223684,-0.6,0.065789,-1.0,0.039474,0.454545,0.144737
77551,2025,bl1,33,2026-05-09T15:30:00+02:00,175,TSG Hoffenheim,134,SV Werder Bremen,test,0.923077,0.171053,-1.0,0.039474,0.0,0.0,1.2,0.131579,-0.92,0.301205,-0.076923,0.156627,0.333333,0.036145,0.142857,0.084337
77549,2025,bl1,33,2026-05-09T18:30:00+02:00,131,VfL Wolfsburg,40,FC Bayern München,test,-0.6,0.38961,0.0,0.0,0.0,0.0,0.5,0.051948,0.542857,0.426829,-0.777778,0.219512,-0.444444,0.109756,1.285714,0.170732
77553,2025,bl1,33,2026-05-10T15:30:00+02:00,100,Hamburger SV,112,SC Freiburg,test,0.318182,0.30137,-0.833333,0.082192,-1.0,0.041096,1.222222,0.123288,1.611111,0.467532,0.333333,0.038961,-0.714286,0.090909,1.571429,0.272727
77552,2025,bl1,33,2026-05-10T17:30:00+02:00,65,1. FC Köln,199,1. FC Heidenheim 1846,test,0.947368,0.246753,0.0,0.038961,0.0,0.0,1.0,0.090909,-0.666667,0.6,-1.0,0.025,0.0,0.0,0.923077,0.1625
77546,2025,bl1,33,2026-05-10T19:30:00+02:00,81,1. FSV Mainz 05,80,1. FC Union Berlin,test,0.6875,0.444444,0.777778,0.125,0.0,0.027778,0.833333,0.083333,-0.4,0.194805,-0.6,0.064935,0.0,0.0,0.3,0.12987
77554,2025,bl1,34,2026-05-16T15:30:00+02:00,40,FC Bayern München,65,1. FC Köln,test,1.375,0.207792,0.666667,0.038961,1.0,0.012987,2.0,0.038961,-0.1,0.114943,-0.769231,0.149425,-1.0,0.08046,0.222222,0.103448
77555,2025,bl1,34,2026-05-16T15:30:00+02:00,6,Bayer 04 Leverkusen,100,Hamburger SV,test,-0.785714,0.181818,-1.0,0.051948,0.0,0.0,-0.6,0.064935,1.066667,0.211268,0.142857,0.197183,-0.4,0.070423,1.153846,0.183099
77556,2025,bl1,34,2026-05-16T15:30:00+02:00,91,Eintracht Frankfurt,16,VfB Stuttgart,test,-0.5,0.15,-1.0,0.075,-1.0,0.0125,-0.727273,0.1375,1.0,0.236842,1.0,0.039474,1.0,0.039474,0.8,0.131579
77557,2025,bl1,34,2026-05-16T15:30:00+02:00,112,SC Freiburg,1635,RB Leipzig,test,0.3125,0.222222,-0.5,0.027778,-1.0,0.041667,1.714286,0.194444,0.8,0.333333,-0.777778,0.12,-1.0,0.093333,0.928571,0.186667
77558,2025,bl1,34,2026-05-16T15:30:00+02:00,134,SV Werder Bremen,7,Borussia Dortmund,test,-0.571429,0.186667,-0.625,0.213333,-0.2,0.133333,0.9,0.133333,0.791667,0.3,0.333333,0.1125,-0.5,0.1,0.608696,0.2875
77559,2025,bl1,34,2026-05-16T15:30:00+02:00,87,Borussia Mönchengladbach,175,TSG Hoffenheim,test,-0.5,0.225806,-0.428571,0.112903,0.0,0.096774,0.0,0.177419,1.071429,0.186667,1.0,0.066667,0.0,0.0,1.294118,0.226667
77560,2025,bl1,34,2026-05-16T15:30:00+02:00,80,1. FC Union Berlin,95,FC Augsburg,test,0.25,0.179104,-1.0,0.119403,0.0,0.0,0.2,0.074627,1.0,0.186667,-0.5,0.053333,1.0,0.013333,1.357143,0.186667
77561,2025,bl1,34,2026-05-16T15:30:00+02:00,98,FC St. Pauli,131,VfL Wolfsburg,test,-1.208333,0.32,-0.363636,0.146667,-0.818182,0.146667,0.307692,0.173333,-0.842105,0.240506,-0.4,0.063291,0.0,0.0,0.444444,0.113924
77562,2025,bl1,34,2026-05-16T15:30:00+02:00,199,1. FC Heidenheim 1846,81,1. FSV Mainz 05,test,0.6,0.4,-1.0,0.013333,0.0,0.0,1.071429,0.186667,0.538462,0.185714,0.833333,0.171429,0.0,0.0,1.0,0.171429
