match_id,season,league,matchday,kickoff,home_team_id,home_team,away_team_id,away_team,dataset_split,home_matches_played,away_matches_played,home_points_per_game,away_points_per_game,home_form_points_last_5,away_form_points_last_5,home_goals_for_last_5_avg,away_goals_for_last_5_avg,home_goals_against_last_5_avg,away_goals_against_last_5_avg,home_shots_for_last_5_avg,away_shots_for_last_5_avg,home_shots_against_last_5_avg,away_shots_against_last_5_avg,home_shots_on_target_for_last_5_avg,away_shots_on_target_for_last_5_avg,home_shots_on_target_against_last_5_avg,away_shots_on_target_against_last_5_avg,home_corners_for_last_5_avg,away_corners_for_last_5_avg,home_corners_against_last_5_avg,away_corners_against_last_5_avg,home_fouls_committed_last_5_avg,away_fouls_committed_last_5_avg,home_yellow_cards_last_5_avg,away_yellow_cards_last_5_avg,home_red_cards_per_game,away_red_cards_per_game,home_venue_matches_played,away_venue_matches_played,home_venue_points_per_game,away_venue_points_per_game,home_days_since_last_match,away_days_since_last_match,elo_difference_before,result
77256,2025,bl1,1,2025-08-22T20:30:00+02:00,40,FC Bayern München,1635,RB Leipzig,train,0,0,0.0,0.0,0,0,0.0,0.0,0.0,0.0,0.0,0.0,0.0,0.0,0.0,0.0,0.0,0.0,0.0,0.0,0.0,0.0,0.0,0.0,0.0,0.0,0.0,0.0,0,0,0.0,0.0,0,0,0.0,H
77257,2025,bl1,1,2025-08-23T15:30:00+02:00,6,Bayer 04 Leverkusen,175,TSG Hoffenheim,train,0,0,0.0,0.0,0,0,0.0,0.0,0.0,0.0,0.0,0.0,0.0,0.0,0.0,0.0,0.0,0.0,0.0,0.0,0.0,0.0,0.0,0.0,0.0,0.0,0.0,0.0,0,0,0.0,0.0,0,0,0.0,A
77258,2025,bl1,1,2025-08-23T15:30:00+02:00,91,Eintracht Frankfurt,134,SV Werder Bremen,train,0,0,0.0,0.0,0,0,0.0,0.0,0.0,0.0,0.0,0.0,0.0,0.0,0.0,0.0,0.0,0.0,0.0,0.0,0.0,0.0,0.0,0.0,0.0,0.0,0.0,0.0,0,0,0.0,0.0,0,0,0.0,H
77259,2025,bl1,1,2025-08-23T15:30:00+02:00,112,SC Freiburg,95,FC Augsburg,train,0,0,0.0,0.0,0,0,0.0,0.0,0.0,0.0,0.0,0.0,0.0,0.0,0.0,0.0,0.0,0.0,0.0,0.0,0.0,0.0,0.0,0.0,0.0,0.0,0.0,0.0,0,0,0.0,0.0,0,0,0.0,A
77262,2025,bl1,1,2025-08-23T15:30:00+02:00,80,1. FC Union Berlin,16,VfB Stuttgart,train,0,0,0.0,0.0,0,0,0.0,0.0,0.0,0.0,0.0,0.0,0.0,0.0,0.0,0.0,0.0,0.0,0.0,0.0,0.0,0.0,0.0,0.0,0.0,0.0,0.0,0.0,0,0,0.0,0.0,0,0,0.0,H
77264,2025,bl1,1,2025-08-23T15:30:00+02:00,199,1. FC Heidenheim 1846,131,VfL Wolfsburg,train,0,0,0.0,0.0,0,0,0.0,0.0,0.0,0.0,0.0,0.0,0.0,0.0,0.0,0.0,0.0,0.0,0.0,0.0,0.0,0.0,0.0,0.0,0.0,0.0,0.0,0.0,0,0,0.0,0.0,0,0,0.0,A
77263,2025,bl1,1,2025-08-23T18:30:00+02:00,98,FC St. Pauli,7,Borussia Dortmund,train,0,0,0.0,0.0,0,0,0.0,0.0,0.0,0.0,0.0,0.0,0.0,0.0,0.0,0.0,0.0,0.0,0.0,0.0,0.0,0.0,0.0,0.0,0.0,0.0,0.0,0.0,0,0,0.0,0.0,0,0,0.0,D
77260,2025,bl1,1,2025-08-24T15:30:00+02:00,81,1. FSV Mainz 05,65,1. FC Köln,train,0,0,0.0,0.0,0,0,0.0,0.0,0.0,0.0,0.0,0.0,0.0,0.0,0.0,0.0,0.0,0.0,0.0,0.0,0.0,0.0,0.0,0.0,0.0,0.0,0.0,0.0,0,0,0.0,0.0,0,0,0.0,A
77261,2025,bl1,1,2025-08-24T17:30:00+02:00,87,Borussia Mönchengladbach,100,Hamburger SV,train,0,0,0.0,0.0,0,0,0.0,0.0,0.0,0.0,0.0,0.0,0.0,0.0,0.0,0.0,0.0,0.0,0.0,0.0,0.0,0.0,0.0,0.0,0.0,0.0,0.0,0.0,0,0,0.0,0.0,0,0,0.0,D
77273,2025,bl1,2,2025-08-29T20:30:00+02:00,100,Hamburger SV,98,FC St. Pauli,train,1,1,1.0,1.0,1,1,0.0,3.0,0.0,3.0,7.0,11.0,17.0,8.0,2.0,7.0,4.0,7.0,6.0,5.0,7.0,2.0,10.0,13.0,1.0,2.0,0.0,0.0,0,0,0.0,0.0,5,6,0.905095,A
77266,2025,bl1,2,2025-08-30T15:30:00+02:00,1635,RB Leipzig,199,1. FC Heidenheim 1846,train,1,1,0.0,0.0,0,0,0.0,1.0,6.0,3.0,12.0,7.0,19.0,15.0,1.0,2.0,10.0,5.0,5.0,2.0,5.0,5.0,13.0,12.0,1.0,2.0,0.0,0.0,0,0,0.0,0.0,8,7,-20.591968,H
77267,2025,bl1,2,2025-08-30T15:30:00+02:00,134,SV Werder Bremen,6,Bayer 04 Leverkusen,train,1,1,0.0,0.0,0,0,1.0,1.0,4.0,2.0,10.0,7.0,18.0,10.0,5.0,2.0,5.0,5.0,1.0,6.0,7.0,4.0,9.0,9.0,3.0,0.0,0.0,0.0,0,0,0.0,0.0,7,7,-6.785718,D
77268,2025,bl1,2,2025-08-30T15:30:00+02:00,16,VfB Stuttgart,87,Borussia Mönchengladbach,train,1,1,0.0,1.0,0,1,1.0,0.0,2.0,0.0,21.0,17.0,8.0,7.0,6.0,4.0,2.0,2.0,11.0,7.0,5.0,6.0,13.0,10.0,4.0,2.0,0.0,0.0,0,0,0.0,0.0,7,6,-4.238452,H
77271,2025,bl1,2,2025-08-30T15:30:00+02:00,175,TSG Hoffenheim,91,Eintracht Frankfurt,train,1,1,3.0,3.0,3,3,2.0,4.0,1.0,1.0,10.0,18.0,7.0,10.0,5.0,5.0,2.0,5.0,4.0,7.0,6.0,1.0,17.0,9.0,4.0,1.0,0.0,0.0,0,0,0.0,0.0,7,7,-6.785718,A
77270,2025,bl1,2,2025-08-30T18:30:00+02:00,95,FC Augsburg,40,FC Bayern München,train,1,1,3.0,3.0,3,3,3.0,6.0,1.0,0.0,14.0,19.0,16.0,12.0,5.0,10.0,4.0,1.0,5.0,5.0,5.0,5.0,18.0,13.0,5.0,4.0,0.0,0.0,0,0,0.0,0.0,7,8,-20.591968,A
77269,2025,bl1,2,2025-08-31T15:30:00+02:00,131,VfL Wolfsburg,81,1. FSV Mainz 05,train,1,1,3.0,0.0,3,0,3.0,0.0,1.0,1.0,15.0,19.0,7.0,12.0,5.0,2.0,2.0,2.0,5.0,8.0,2.0,3.0,12.0,7.0,3.0,0.0,0.0,1.0,0,0,0.0,0.0,8,7,21.658394,D
77265,2025,bl1,2,2025-08-31T17:30:00+02:00,7,Borussia Dortmund,80,1. FC Union Berlin,train,1,1,1.0,3.0,1,3,3.0,2.0,3.0,1.0,8.0,8.0,11.0,21.0,7.0,2.0,7.0,6.0,2.0,5.0,5.0,11.0,12.0,21.0,3.0,4.0,1.0,0.0,0,0,0.0,0.0,8,8,-4.238452,H
77272,2025,bl1,2,2025-08-31T19:30:00+02:00,65,1. FC Köln,112,SC Freiburg,train,1,1,3.0,0.0,3,0,1.0,1.0,0.0,3.0,12.0,16.0,19.0,14.0,2.0,4.0,2.0,5.0,3.0,5.0,8.0,5.0,9.0,14.0,2.0,4.0,0.0,0.0,0,0,0.0,0.0,7,8,21.658394,H
77275,2025,bl1,3,2025-09-12T20:30:00+02:00,6,Bayer 04 Leverkusen,91,Eintracht Frankfurt,train,2,2,0.5,3.0,1,6,2.0,3.5,2.5,1.0,8.5,13.5,11.0,13.5,3.0,5.5,5.0,5.0,6.5,6.0,3.5,2.5,9.5,9.5,1.5,2.0,0.0,0.0,1,1,0.0,3.0,13,13,-35.247652,H
77276,2025,bl1,3,2025-09-13T15:30:00+02:00,112,SC Freiburg,16,VfB Stuttgart,train,2,2,0.0,1.5,0,3,1.0,1.0,3.5,1.0,14.0,17.0,16.0,11.5,3.0,5.5,5.5,4.0,5.0,8.5,4.0,7.5,11.5,9.0,2.5,3.0,0.0,0.0,1,1,0.0,0.0,13,14,-27.443908,H
77277,2025,bl1,3,2025-09-13T15:30:00+02:00,81,1. FSV Mainz 05,1635,RB Leipzig,train,2,2,0.5,1.5,1,3,0.5,1.0,1.0,3.0,18.0,15.5,11.5,12.0,2.5,3.0,2.5,6.5,9.0,4.5,3.0,4.0,10.5,10.0,2.5,1.5,0.5,0.0,1,1,0.0,0.0,13,14,18.315073,A
77279,2025,bl1,3,2025-09-13T15:30:00+02:00,131,VfL Wolfsburg,65,1. FC Köln,train,2,2,2.0,3.0,4,6,2.0,2.5,1.0,0.5,13.0,15.0,12.0,15.5,4.0,4.0,2.5,2.0,4.0,3.0,6.0,6.5,13.5,10.5,3.0,2.0,0.5,0.0,1,1,1.0,3.0,13,13,-6.929998,D
77280,2025,bl1,3,2025-09-13T15:30:00+02:00,80,1. FC Union Berlin,175,TSG Hoffenheim,train,2,2,1.5,1.5,3,3,1.0,1.5,2.0,2.0,10.0,13.5,16.0,8.0,2.5,5.0,6.0,4.0,5.5,4.0,7.5,5.5,14.0,15.5,2.0,3.0,0.0,0.0,1,1,3.0,3.0,13,14,-3.169702,A
77282,2025,bl1,3,2025-09-13T15:30:00+02:00,199,1. FC Heidenheim 1846,7,Borussia Dortmund,train,2,2,0.0,2.0,0,4,0.5,3.0,2.5,1.5,6.0,9.5,17.0,11.5,2.5,6.5,5.0,5.0,2.5,3.0,4.5,5.5,12.5,13.0,3.5,1.5,0.0,0.5,1,1,0.0,1.0,14,13,-38.744839,A
77274,2025,bl1,3,2025-09-13T18:30:00+02:00,40,FC Bayern München,100,Hamburger SV,train,2,2,3.0,0.5,6,1,4.5,0.0,1.0,1.0,19.5,6.0,11.0,17.0,10.0,2.0,2.0,5.0,5.0,4.0,6.0,6.0,12.0,11.5,4.0,2.0,0.0,0.5,1,1,3.0,1.0,14,15,55.704965,H
77281,2025,bl1,3,2025-09-14T15:30:00+02:00,98,FC St. Pauli,95,FC Augsburg,train,2,2,2.0,1.5,4,3,2.5,2.5,1.5,2.0,14.0,12.0,6.5,18.0,6.5,4.0,4.5,7.0,5.0,6.0,2.0,5.0,16.0,16.0,2.5,4.0,0.0,0.0,1,1,1.0,3.0,16,15,6.665675,H
77278,2025,bl1,3,2025-09-14T17:30:00+02:00,87,Borussia Mönchengladbach,134,SV Werder Bremen,train,2,2,0.5,0.5,1,1,0.0,2.0,0.5,3.5,16.0,11.0,10.0,14.0,5.0,5.0,3.5,4.5,8.5,2.0,6.0,7.0,11.5,10.0,1.5,3.5,0.0,0.5,1,1,1.0,0.0,15,15,9.421864,A
77288,2025,bl1,4,2025-09-19T20:30:00+02:00,16,VfB Stuttgart,98,FC St. Pauli,train,3,3,1.0,2.333333,3,7,1.0,2.333333,1.666667,1.333333,13.666667,13.666667,12.333333,7.666667,4.333333,6.666667,4.666667,4.666667,6.0,4.333333,7.333333,1.666667,10.333333,14.0,2.333333,2.0,0.0,0.0,1,1,3.0,3.0,6,5,-28.168302,H
77287,2025,bl1,4,2025-09-20T15:30:00+02:00,134,SV Werder Bremen,112,SC Freiburg,train,3,3,1.333333,1.0,4,3,2.666667,1.666667,2.333333,2.666667,11.333333,14.0,15.666667,13.0,5.666667,4.0,4.0,4.333333,2.666667,5.666667,7.666667,3.0,9.666667,10.333333,2.333333,2.0,0.333333,0.333333,1,1,1.0,0.0,6,7,35.759924,A
77289,2025,bl1,4,2025-09-20T15:30:00+02:00,95,FC Augsburg,81,1. FSV Mainz 05,train,3,3,1.0,0.333333,3,1,2.0,0.333333,2.0,1.0,11.333333,16.333333,16.333333,14.0,4.333333,2.333333,7.0,2.666667,4.333333,7.0,4.333333,3.666667,14.666667,11.0,4.0,2.0,0.0,0.333333,1,1,0.0,1.0,6,7,17.152777,A
77290,2025,bl1,4,2025-09-20T15:30:00+02:00,175,TSG Hoffenheim,40,FC Bayern München,train,3,3,2.0,3.0,6,9,2.333333,4.666667,2.0,0.666667,12.0,20.333333,12.0,10.333333,6.0,10.666667,5.0,2.0,3.333333,5.0,6.666667,5.0,14.333333,11.666667,2.333333,3.333333,0.0,0.0,1,1,0.0,3.0,7,7,-56.441467,A
77291,2025,bl1,4,2025-09-20T15:30:00+02:00,100,Hamburger SV,199,1. FC Heidenheim 1846,train,3,3,0.333333,0.0,1,0,0.0,0.333333,2.333333,2.333333,7.0,6.0,18.666667,17.0,2.0,2.0,7.333333,6.0,3.666667,3.333333,5.666667,4.333333,12.333333,10.0,2.0,3.0,0.333333,0.333333,1,1,0.0,0.0,7,7,0.942455,H
77286,2025,bl1,4,2025-09-20T18:30:00+02:00,1635,RB Leipzig,65,1. FC Köln,train,3,3,2.0,2.333333,6,7,1.0,2.666667,2.0,1.333333,16.666667,14.666667,12.333333,15.0,3.0,5.333333,5.0,3.333333,4.666667,3.333333,3.666667,6.666667,10.333333,10.666667,1.0,2.333333,0.0,0.0,1,2,3.0,2.0,7,7,-38.44578,H
77284,2025,bl1,4,2025-09-21T15:30:00+02:00,91,Eintracht Frankfurt,80,1. FC Union Berlin,train,3,3,2.0,1.0,6,3,2.666667,1.333333,1.666667,2.666667,13.333333,13.333333,15.0,13.666667,4.333333,4.0,6.0,6.666667,6.666667,6.666667,3.0,5.666667,9.333333,13.666667,2.333333,1.666667,0.0,0.333333,1,1,3.0,0.0,9,8,41.980811,A
77283,2025,bl1,4,2025-09-21T17:30:00+02:00,6,Bayer 04 Leverkusen,87,Borussia Mönchengladbach,train,3,3,1.333333,0.333333,4,1,2.333333,0.0,2.0,1.666667,11.666667,17.0,11.666667,10.666667,4.666667,4.333333,4.0,4.666667,5.666667,8.666667,5.0,5.333333,9.666667,11.666667,2.666667,1.333333,0.666667,0.0,2,1,1.5,0.0,9,7,41.18769,D
77285,2025,bl1,4,2025-09-21T19:30:00+02:00,7,Borussia Dortmund,131,VfL Wolfsburg,train,3,3,2.333333,1.666667,7,5,2.666667,2.333333,1.0,1.666667,12.0,13.333333,9.666667,12.666667,7.0,4.666667,3.666667,4.333333,3.333333,5.0,5.333333,5.333333,11.666667,14.0,2.0,2.666667,0.333333,0.333333,1,1,3.0,3.0,8,8,14.616178,H
77292,2025,bl1,5,2025-09-26T20:30:00+02:00,40,FC Bayern München,134,SV Werder Bremen,train,4,4,3.0,1.0,12,4,4.5,2.0,0.75,2.5,19.75,11.5,10.75,14.25,10.5,5.5,2.5,4.25,5.0,2.5,5.0,5.75,11.0,10.5,3.0,3.0,0.0,0.25,2,2,3.0,1.5,6,6,89.656654,H
77294,2025,bl1,5,2025-09-27T15:30:00+02:00,81,1. FSV Mainz 05,7,Borussia Dortmund,train,4,4,1.0,2.5,4,10,1.25,2.25,1.0,0.75,15.25,12.0,15.0,9.75,2.75,6.25,3.25,3.0,6.75,4.75,4.25,4.75,10.75,11.25,2.0,1.75,0.5,0.25,2,2,0.0,2.0,7,6,-23.518881,A
77296,2025,bl1,5,2025-09-27T15:30:00+02:00,131,VfL Wolfsburg,1635,RB Leipzig,train,4,4,1.25,2.25,5,9,1.75,1.5,1.5,1.75,12.5,17.0,12.5,12.5,3.75,4.25,4.25,4.25,4.5,5.75,6.25,4.0,12.75,10.25,2.0,1.0,0.25,0.0,2,2,1.0,1.5,6,7,16.01691,A
77298,2025,bl1,5,2025-09-27T15:30:00+02:00,98,FC St. Pauli,6,Bayer 04 Leverkusen,train,4,4,1.75,1.25,7,5,1.75,2.0,1.5,1.75,12.5,12.0,10.0,12.0,5.5,5.75,5.5,4.75,4.25,5.0,3.25,4.75,14.25,10.25,2.0,3.25,0.0,0.5,2,1,2.0,1.0,8,6,6.076263,A
77299,2025,bl1,5,2025-09-27T15:30:00+02:00,199,1. FC Heidenheim 1846,95,FC Augsburg,train,4,4,0.0,0.75,0,3,0.5,1.75,2.25,2.5,9.5,13.0,18.25,15.25,3.5,4.5,6.75,6.25,5.5,4.75,3.5,4.75,10.0,14.25,2.5,3.25,0.25,0.0,2,2,0.0,1.5,7,7,-20.668235,H
77295,2025,bl1,5,2025-09-27T18:30:00+02:00,87,Borussia Mönchengladbach,91,Eintracht Frankfurt,train,4,4,0.5,1.5,2,6,0.25,2.75,1.5,2.25,16.0,14.75,11.25,14.0,5.0,5.75,5.75,5.75,7.5,6.25,4.75,2.5,12.5,9.5,2.25,2.5,0.0,0.0,2,2,0.5,1.5,6,6,-47.43009,A
77293,2025,bl1,5,2025-09-28T15:30:00+02:00,112,SC Freiburg,175,TSG Hoffenheim,train,4,4,1.5,1.5,6,6,2.0,2.0,2.0,2.5,13.0,12.0,12.75,13.5,4.25,5.5,4.5,6.25,4.25,3.75,2.75,6.25,9.5,15.0,2.0,2.0,0.25,0.0,2,2,1.5,3.0,8,8,18.843591,D
77300,2025,bl1,5,2025-09-28T17:30:00+02:00,65,1. FC Köln,16,VfB Stuttgart,train,4,4,1.75,1.5,7,6,2.25,1.25,1.75,1.25,14.25,14.5,15.75,11.5,4.5,5.25,4.5,4.0,3.75,6.5,7.25,6.5,10.0,11.0,2.0,1.75,0.0,0.0,1,2,3.0,0.0,8,9,10.686745,A
77297,2025,bl1,5,2025-09-28T19:30:00+02:00,80,1. FC Union Berlin,100,Hamburger SV,train,4,4,1.5,1.0,6,4,2.0,0.5,2.75,2.0,12.75,10.75,15.0,19.0,4.25,3.75,7.5,7.5,5.25,3.0,5.5,7.25,13.0,13.0,1.75,2.75,0.25,0.25,2,2,1.5,0.5,7,8,15.452927,D
77308,2025,bl1,6,2025-10-03T20:30:00+02:00,175,TSG Hoffenheim,65,1. FC Köln,train,5,5,1.4,1.4,7,7,1.8,2.0,2.2,1.8,12.6,14.2,12.0,15.6,5.2,4.8,5.2,4.6,4.6,4.6,6.2,7.4,15.0,10.4,1.8,2.0,0.0,0.0,2,3,0.0,1.333333,5,5,-14.689751,A
77301,2025,bl1,6,2025-10-04T15:30:00+02:00,6,Bayer 04 Leverkusen,80,1. FC Union Berlin,train,5,5,1.6,1.4,8,7,2.0,1.6,1.6,2.2,10.6,12.4,12.2,15.2,5.4,3.8,5.0,7.2,4.2,5.2,6.4,5.0,10.4,14.0,3.6,1.8,0.4,0.2,3,2,1.333333,1.5,7,6,26.251888,H
77303,2025,bl1,6,2025-10-04T15:30:00+02:00,7,Borussia Dortmund,1635,RB Leipzig,train,5,5,2.6,2.4,13,12,2.2,1.4,0.6,1.4,11.6,17.6,9.4,14.4,5.8,4.6,2.8,4.2,4.8,6.8,5.2,4.4,11.8,10.0,1.6,1.2,0.2,0.0,2,3,3.0,2.0,7,7,45.307203,D
77304,2025,bl1,6,2025-10-04T15:30:00+02:00,134,SV Werder Bremen,98,FC St. Pauli,train,5,5,0.8,1.4,4,7,1.6,1.6,2.8,1.6,11.0,12.6,16.6,9.0,5.0,5.6,6.0,5.2,3.2,6.0,6.0,2.8,9.2,14.0,2.4,2.2,0.2,0.0,2,2,0.5,1.5,8,7,-21.376624,H
77307,2025,bl1,6,2025-10-04T15:30:00+02:00,95,FC Augsburg,131,VfL Wolfsburg,train,5,5,0.6,1.0,3,5,1.6,1.4,2.4,1.4,12.0,14.4,14.4,14.0,4.0,3.8,6.0,4.6,4.2,4.8,4.4,7.2,15.4,11.6,3.8,2.0,0.0,0.2,2,2,0.0,1.5,7,7,-26.964769,H
77302,2025,bl1,6,2025-10-04T18:30:00+02:00,91,Eintracht Frankfurt,40,FC Bayern München,train,5,5,1.8,3.0,9,15,3.4,4.4,2.6,0.6,16.0,21.0,13.4,10.4,6.0,11.0,6.2,2.6,6.2,5.4,2.8,5.2,9.2,10.6,2.4,2.8,0.0,0.0,2,2,1.5,3.0,7,8,-75.295219,A
77305,2025,bl1,6,2025-10-05T15:30:00+02:00,16,VfB Stuttgart,199,1. FC Heidenheim 1846,train,5,5,1.8,0.6,9,3,1.4,0.8,1.2,2.0,14.6,9.8,12.0,16.2,5.2,3.8,4.4,5.8,6.8,5.0,6.8,3.2,11.2,11.2,1.8,2.2,0.0,0.2,2,2,3.0,0.0,7,8,44.170839,H
77309,2025,bl1,6,2025-10-05T17:30:00+02:00,100,Hamburger SV,81,1. FSV Mainz 05,train,5,5,1.0,0.8,5,4,0.4,1.0,1.6,1.2,11.8,13.8,17.4,14.0,4.2,2.6,6.4,3.4,3.0,6.8,6.8,4.4,13.8,11.0,2.6,2.0,0.4,0.6,2,2,1.5,2.0,7,8,-25.995107,H
77306,2025,bl1,6,2025-10-05T19:30:00+02:00,87,Borussia Mönchengladbach,112,SC Freiburg,train,5,5,0.4,1.4,2,7,1.0,1.8,2.4,1.8,15.0,11.6,13.2,13.2,5.6,3.6,6.0,4.4,6.8,4.6,5.0,3.8,12.8,9.4,2.0,2.2,0.0,0.2,3,2,0.333333,1.5,8,7,-56.322438,D
77315,2025,bl1,7,2025-10-17T20:30:00+02:00,80,1. FC Union Berlin,87,Borussia Mönchengladbach,train,6,6,1.166667,0.5,4,2,1.2,1.0,2.4,2.4,12.8,13.4,15.0,14.2,4.0,5.8,6.6,5.8,5.0,6.2,3.6,4.0,12.4,13.8,1.6,2.2,0.166667,0.0,3,2,1.333333,0.5,13,12,25.790331,H
77312,2025,bl1,7,2025-10-18T15:30:00+02:00,81,1. FSV Mainz 05,6,Bayer 04 Leverkusen,train,6,6,0.666667,1.833333,4,11,1.0,2.2,1.8,1.2,12.2,13.2,14.6,12.2,3.0,5.6,4.8,4.6,6.0,3.8,4.0,6.4,12.2,10.8,2.6,3.8,0.5,0.333333,3,2,0.0,2.0,13,14,-45.011295,A
77313,2025,bl1,7,2025-10-18T15:30:00+02:00,1635,RB Leipzig,100,Hamburger SV,train,6,6,2.166667,1.333333,13,7,1.6,1.2,0.4,1.6,17.8,13.4,13.6,16.2,5.0,5.6,2.8,6.4,7.2,2.0,4.8,6.2,10.2,14.6,1.6,2.8,0.0,0.333333,2,3,3.0,0.666667,14,13,9.619715,H
77314,2025,bl1,7,2025-10-18T15:30:00+02:00,131,VfL Wolfsburg,16,VfB Stuttgart,train,6,6,0.833333,2.0,2,12,1.0,1.4,1.8,0.8,14.2,14.0,14.6,11.4,3.6,5.2,5.2,4.2,4.8,4.8,8.8,6.0,10.6,10.8,1.6,1.2,0.166667,0.0,3,3,0.666667,1.0,14,13,-20.438707,A
77317,2025,bl1,7,2025-10-18T15:30:00+02:00,199,1. FC Heidenheim 1846,134,SV Werder Bremen,train,6,6,0.5,1.166667,3,7,0.6,1.6,1.6,2.0,9.4,12.0,16.8,15.6,3.6,5.0,6.0,5.6,4.8,3.8,2.4,4.8,11.2,9.0,2.0,2.4,0.166667,0.166667,3,3,1.0,1.0,13,14,-25.087636,D
77318,2025,bl1,7,2025-10-18T15:30:00+02:00,65,1. FC Köln,95,FC Augsburg,train,6,6,1.666667,1.0,7,3,2.0,1.6,1.8,2.4,13.8,11.2,14.8,14.0,5.2,4.0,5.0,6.0,5.2,5.2,8.0,4.4,9.8,13.6,1.8,3.2,0.0,0.0,2,3,1.5,1.0,15,14,26.390644,D
77310,2025,bl1,7,2025-10-18T18:30:00+02:00,40,FC Bayern München,7,Borussia Dortmund,train,6,6,3.0,2.333333,15,13,3.8,1.8,0.6,0.2,19.6,13.0,9.2,9.8,9.6,5.0,2.6,2.0,5.0,5.8,5.0,5.6,10.2,12.0,2.4,1.2,0.0,0.166667,3,3,3.0,2.333333,14,14,71.529034,H
77311,2025,bl1,7,2025-10-19T15:30:00+02:00,112,SC Freiburg,91,Eintracht Frankfurt,train,6,6,1.333333,1.5,8,6,1.6,2.6,1.2,3.0,10.8,13.6,12.2,13.8,3.0,5.2,4.4,5.8,3.8,5.6,3.6,3.2,8.0,9.6,1.6,2.4,0.166667,0.0,3,3,1.333333,2.0,14,15,2.289954,D
77316,2025,bl1,7,2025-10-19T17:30:00+02:00,98,FC St. Pauli,175,TSG Hoffenheim,train,6,6,1.166667,1.166667,6,4,1.0,1.4,1.2,2.2,13.0,13.6,10.4,12.6,4.8,5.0,4.8,5.6,5.2,6.0,3.2,6.2,13.2,14.6,2.0,1.6,0.0,0.0,3,3,1.333333,2.333333,15,16,14.623777,A
77322,2025,bl1,8,2025-10-24T20:30:00+02:00,134,SV Werder Bremen,80,1. FC Union Berlin,train,7,7,1.142857,1.428571,7,7,1.4,1.8,1.8,2.0,11.8,13.6,19.8,14.4,4.8,4.4,7.0,5.8,3.6,5.0,5.8,4.0,9.0,15.2,2.2,2.6,0.142857,0.142857,3,3,1.333333,1.0,6,7,1.230571,H
77320,2025,bl1,8,2025-10-25T15:30:00+02:00,91,Eintracht Frankfurt,98,FC St. Pauli,train,7,7,1.428571,1.0,4,3,2.4,0.6,3.2,1.8,13.4,11.6,12.8,12.2,4.6,4.0,5.8,5.4,4.8,6.0,3.0,4.2,10.6,11.4,2.4,1.6,0.0,0.0,3,3,1.0,1.0,6,6,31.876589,H
77324,2025,bl1,8,2025-10-25T15:30:00+02:00,87,Borussia Mönchengladbach,40,FC Bayern München,train,7,7,0.428571,3.0,2,15,1.2,3.6,2.8,0.4,12.0,18.6,14.8,8.8,5.0,9.0,5.8,2.2,5.4,4.8,4.0,4.2,14.2,10.4,2.6,1.8,0.0,0.0,4,3,0.5,3.0,8,7,-178.602948,A
77325,2025,bl1,8,2025-10-25T15:30:00+02:00,95,FC Augsburg,1635,RB Leipzig,train,7,7,1.0,2.285714,4,13,1.4,1.6,2.0,0.6,11.2,16.0,11.8,15.6,4.2,4.8,4.4,2.8,4.2,7.0,4.4,5.2,14.2,11.4,3.0,1.8,0.0,0.0,3,4,1.0,1.75,7,7,-21.130091,A
77326,2025,bl1,8,2025-10-25T15:30:00+02:00,175,TSG Hoffenheim,199,1. FC Heidenheim 1846,train,7,7,1.428571,0.571429,7,4,1.8,1.0,1.6,1.6,13.0,14.6,12.8,15.2,5.0,5.2,4.8,5.8,6.6,6.6,7.0,2.0,15.2,10.4,1.8,1.2,0.0,0.142857,3,3,0.0,0.0,6,7,45.319572,H
77327,2025,bl1,8,2025-10-25T15:30:00+02:00,100,Hamburger SV,131,VfL Wolfsburg,train,7,7,1.142857,0.714286,7,1,1.4,0.8,1.6,2.2,15.4,14.2,14.8,14.2,5.8,3.6,6.0,6.0,2.6,4.8,5.8,8.4,14.4,10.0,2.4,1.2,0.285714,0.142857,3,3,2.0,1.0,7,7,17.257789,A
77321,2025,bl1,8,2025-10-25T18:30:00+02:00,7,Borussia Dortmund,65,1. FC Köln,train,7,7,2.0,1.571429,10,5,1.4,1.4,0.6,1.8,12.4,12.0,10.4,14.4,4.0,4.4,2.8,5.4,5.6,5.6,5.2,7.4,12.6,9.4,1.8,1.8,0.142857,0.0,3,4,2.333333,1.75,7,7,31.744218,H
77319,2025,bl1,8,2025-10-26T15:30:00+01:00,6,Bayer 04 Leverkusen,112,SC Freiburg,train,7,7,2.0,1.285714,13,9,2.4,1.8,1.2,0.8,15.2,10.8,12.2,10.2,6.4,3.6,4.4,3.8,3.0,3.4,6.2,3.2,11.2,7.4,4.0,1.8,0.285714,0.142857,4,3,1.75,1.333333,8,7,18.900983,H
77323,2025,bl1,8,2025-10-26T17:30:00+01:00,16,VfB Stuttgart,81,1. FSV Mainz 05,train,7,7,2.142857,0.571429,12,3,1.8,1.4,0.8,2.4,14.4,11.2,10.6,16.4,5.6,3.2,3.6,5.8,5.2,4.4,4.6,4.0,11.4,13.4,1.0,2.4,0.0,0.428571,3,3,3.0,1.333333,8,8,66.753701,H
77332,2025,bl1,9,2025-10-31T20:30:00+01:00,95,FC Augsburg,7,Borussia Dortmund,train,8,8,0.875,2.125,4,10,1.2,1.2,2.8,0.6,12.2,14.4,12.2,10.2,3.6,4.2,4.6,2.6,4.4,8.2,4.4,4.6,13.6,12.8,2.8,1.6,0.0,0.125,4,4,0.75,1.75,6,6,-113.673964,A
77329,2025,bl1,9,2025-11-01T15:30:00+01:00,81,1. FSV Mainz 05,134,SV Werder Bremen,train,8,8,0.5,1.375,3,7,1.6,0.8,2.6,1.8,11.2,12.6,16.4,18.4,3.2,4.0,6.8,6.8,4.8,3.8,4.4,5.2,13.4,8.4,2.8,3.0,0.375,0.125,4,4,0.0,1.0,6,8,-26.831697,D
77330,2025,bl1,9,2025-11-01T15:30:00+01:00,1635,RB Leipzig,16,VfB Stuttgart,train,8,8,2.375,2.25,13,15,2.6,2.0,0.6,0.4,15.2,16.8,16.0,10.4,5.8,6.8,2.8,2.8,6.6,6.4,5.0,4.2,11.2,11.0,2.0,1.6,0.0,0.0,3,4,3.0,1.5,7,6,21.410933,H
77333,2025,bl1,9,2025-11-01T15:30:00+01:00,80,1. FC Union Berlin,112,SC Freiburg,train,8,8,1.25,1.125,7,6,1.4,1.2,1.4,1.0,12.0,10.0,15.8,12.6,3.4,3.0,4.8,4.2,4.4,2.6,4.6,3.4,15.2,7.4,2.4,2.0,0.125,0.25,4,4,1.75,1.0,8,6,-18.453667,D
77334,2025,bl1,9,2025-11-01T15:30:00+01:00,98,FC St. Pauli,87,Borussia Mönchengladbach,train,8,8,0.875,0.375,0,2,0.2,1.2,2.0,2.6,10.8,8.4,12.2,17.8,2.8,4.4,5.6,6.6,6.0,3.8,4.2,4.8,10.6,13.0,1.6,2.4,0.0,0.125,4,3,1.0,0.333333,7,7,36.376387,A
77335,2025,bl1,9,2025-11-01T15:30:00+01:00,199,1. FC Heidenheim 1846,91,Eintracht Frankfurt,train,8,8,0.5,1.625,4,7,1.2,2.6,1.8,2.6,15.8,12.8,14.6,11.0,5.6,5.4,5.6,4.4,6.6,3.4,2.6,2.8,12.0,11.0,1.0,1.8,0.125,0.0,4,4,1.0,1.75,7,7,-60.866723,D
77328,2025,bl1,9,2025-11-01T18:30:00+01:00,40,FC Bayern München,6,Bayer 04 Leverkusen,train,8,8,3.0,2.125,15,13,3.2,2.2,0.4,1.0,19.6,15.4,7.2,11.6,8.8,5.6,1.8,4.6,5.4,2.6,3.8,5.2,10.0,11.0,2.0,3.2,0.0,0.25,4,3,3.0,2.333333,7,6,100.314959,H
77336,2025,bl1,9,2025-11-02T15:30:00+01:00,65,1. FC Köln,100,Hamburger SV,train,8,8,1.375,1.0,4,7,0.8,1.4,1.4,0.8,10.2,19.0,17.0,11.6,2.8,6.6,6.0,4.0,5.2,4.2,9.4,5.0,8.8,13.2,1.6,2.2,0.0,0.25,3,4,1.333333,0.5,8,8,26.297423,H
77331,2025,bl1,9,2025-11-02T17:30:00+01:00,131,VfL Wolfsburg,175,TSG Hoffenheim,train,8,8,1.0,1.625,3,7,0.4,1.6,1.6,1.4,12.6,14.0,16.8,11.2,2.8,4.8,5.6,4.0,3.6,7.6,9.8,6.2,10.6,15.6,1.8,1.8,0.125,0.0,4,4,0.5,2.5,8,8,-34.676463,A
77340,2025,bl1,10,2025-11-07T20:30:00+01:00,134,SV Werder Bremen,131,VfL Wolfsburg,train,9,9,1.333333,0.888889,8,3,1.0,0.8,1.4,2.0,11.2,13.0,18.4,16.4,3.6,3.8,6.8,5.6,3.4,3.4,5.6,8.4,8.0,10.8,2.6,1.8,0.111111,0.111111,4,4,1.75,1.5,6,5,19.307388,H
77337,2025,bl1,10,2025-11-08T15:30:00+01:00,6,Bayer 04 Leverkusen,199,1. FC Heidenheim 1846,train,9,9,1.888889,0.555556,12,5,2.0,1.2,1.4,1.6,14.2,13.6,12.6,13.4,4.0,4.8,4.0,4.4,2.8,4.6,6.4,4.0,9.2,11.4,2.4,0.8,0.222222,0.111111,5,4,2.0,0.0,7,7,72.019436,H
77343,2025,bl1,10,2025-11-08T15:30:00+01:00,80,1. FC Union Berlin,40,FC Bayern München,train,9,9,1.222222,3.0,5,15,0.6,3.0,0.8,0.2,12.0,19.6,14.6,6.2,2.8,7.6,3.6,1.2,5.2,6.4,4.6,3.6,17.0,10.4,3.2,1.8,0.111111,0.0,5,4,1.6,3.0,7,7,-164.4014,D
77344,2025,bl1,10,2025-11-08T15:30:00+01:00,175,TSG Hoffenheim,1635,RB Leipzig,train,9,9,1.777778,2.444444,10,13,2.0,2.6,1.0,0.6,13.6,14.8,10.0,16.2,4.8,6.0,3.2,3.2,7.0,5.8,5.6,5.0,15.6,10.8,2.0,2.0,0.0,0.0,4,5,0.75,2.0,6,7,-47.556264,H
77345,2025,bl1,10,2025-11-08T15:30:00+01:00,100,Hamburger SV,7,Borussia Dortmund,train,9,9,0.888889,2.222222,4,10,1.2,1.2,1.4,0.6,16.8,13.0,12.2,10.0,5.8,3.6,4.4,2.6,4.6,7.0,3.0,4.8,13.8,14.0,2.4,1.6,0.444444,0.111111,4,5,1.5,2.0,6,8,-84.798848,D
77342,2025,bl1,10,2025-11-08T18:30:00+01:00,87,Borussia Mönchengladbach,65,1. FC Köln,train,9,9,0.666667,1.555556,4,7,1.8,1.4,2.4,1.0,8.8,12.2,18.4,15.6,5.2,4.4,5.6,5.4,3.2,4.6,5.8,8.2,11.6,8.8,1.4,1.6,0.111111,0.0,5,5,0.4,1.4,7,6,-55.479204,H
77339,2025,bl1,10,2025-11-09T15:30:00+01:00,112,SC Freiburg,98,FC St. Pauli,train,9,9,1.111111,0.777778,4,0,0.6,0.2,1.0,2.4,10.6,12.2,12.4,11.8,2.8,3.2,3.6,6.2,3.6,6.8,4.0,2.8,8.6,9.8,1.8,2.0,0.222222,0.0,4,4,1.25,0.75,8,8,67.939625,H
77341,2025,bl1,10,2025-11-09T17:30:00+01:00,16,VfB Stuttgart,95,FC Augsburg,train,9,9,2.0,0.777778,12,4,1.8,1.0,1.0,2.2,16.2,10.4,11.8,10.8,6.0,2.8,4.2,4.0,5.8,4.0,4.4,3.8,10.4,13.8,2.0,3.4,0.0,0.0,4,4,3.0,1.0,8,9,101.988971,H
77338,2025,bl1,10,2025-11-09T19:30:00+01:00,91,Eintracht Frankfurt,81,1. FSV Mainz 05,train,9,9,1.555556,0.555556,8,1,2.2,1.0,2.0,2.6,12.2,10.8,10.6,13.8,4.0,3.4,4.2,6.4,4.0,4.0,3.0,3.2,11.2,15.2,1.6,2.6,0.0,0.333333,4,4,1.5,1.0,8,8,50.139091,H
77348,2025,bl1,11,2025-11-21T20:30:00+01:00,81,1. FSV Mainz 05,175,TSG Hoffenheim,train,10,10,0.5,1.9,1,12,1.0,2.4,2.4,1.0,9.8,13.0,14.6,12.2,3.0,4.8,6.4,4.0,3.2,6.4,3.0,5.4,15.6,15.2,3.2,2.4,0.3,0.0,5,5,0.2,2.6,12,13,-70.918366,D
77346,2025,bl1,11,2025-11-22T15:30:00+01:00,40,FC Bayern München,112,SC Freiburg,train,10,10,2.8,1.3,13,6,2.6,0.8,0.6,1.0,16.8,11.0,6.8,10.8,5.8,3.4,1.4,3.2,6.0,4.2,3.6,3.0,10.2,8.4,2.2,1.6,0.0,0.2,5,5,3.0,1.0,14,13,141.143206,H
77347,2025,bl1,11,2025-11-22T15:30:00+01:00,7,Borussia Dortmund,16,VfB Stuttgart,train,10,10,2.1,2.1,8,12,1.0,2.0,0.8,1.2,14.4,16.6,10.2,12.4,3.0,6.2,2.8,4.2,7.2,5.0,3.8,3.6,12.8,10.6,1.6,2.0,0.1,0.0,4,5,2.5,1.2,14,13,19.462669,D
77350,2025,bl1,11,2025-11-22T15:30:00+01:00,131,VfL Wolfsburg,6,Bayer 04 Leverkusen,train,10,10,0.8,2.0,3,12,1.0,2.8,2.2,1.2,10.0,18.2,16.4,10.2,3.8,5.2,5.8,2.8,2.8,4.8,8.8,4.0,11.0,8.0,1.4,1.4,0.1,0.2,5,4,0.4,1.75,15,14,-83.79169,A
77351,2025,bl1,11,2025-11-22T15:30:00+01:00,95,FC Augsburg,100,Hamburger SV,train,10,10,0.7,0.9,4,4,1.2,1.4,2.4,1.6,12.2,15.4,12.0,13.4,3.6,5.2,4.2,4.2,4.4,4.4,4.0,3.2,11.8,13.2,2.8,2.2,0.0,0.4,5,5,0.6,0.4,13,14,-43.005749,H
77353,2025,bl1,11,2025-11-22T15:30:00+01:00,199,1. FC Heidenheim 1846,87,Borussia Mönchengladbach,train,10,10,0.5,0.9,2,7,0.8,1.6,2.6,1.4,11.6,8.4,16.8,18.0,3.8,4.4,6.0,5.2,4.2,2.8,5.8,5.8,9.6,11.0,0.8,1.6,0.1,0.1,5,4,1.0,1.0,14,14,-48.75365,A
77354,2025,bl1,11,2025-11-22T18:30:00+01:00,65,1. FC Köln,91,Eintracht Frankfurt,train,10,10,1.4,1.7,7,8,1.4,1.2,1.2,1.2,13.2,10.8,14.4,9.0,4.2,3.4,5.2,2.6,4.2,3.6,7.0,2.8,9.0,11.2,1.8,1.2,0.0,0.0,4,5,1.75,1.6,14,13,-8.786064,A
77349,2025,bl1,11,2025-11-23T15:30:00+01:00,1635,RB Leipzig,134,SV Werder Bremen,train,10,10,2.2,1.5,10,11,2.6,1.4,1.2,0.8,14.2,13.4,14.2,14.6,5.8,4.4,3.2,5.0,4.6,4.8,4.8,4.8,10.0,9.8,2.0,3.0,0.0,0.1,4,5,3.0,1.0,15,16,61.729261,H
77352,2025,bl1,11,2025-11-23T17:30:00+01:00,98,FC St. Pauli,80,1. FC Union Berlin,train,10,10,0.7,1.2,0,5,0.2,1.0,2.4,1.2,11.0,12.2,12.4,13.8,2.4,3.2,6.2,3.2,4.8,5.4,4.4,5.0,9.6,15.0,1.8,3.2,0.0,0.1,5,4,0.8,0.75,14,15,-52.887968,A
77360,2025,bl1,12,2025-11-28T20:30:00+01:00,87,Borussia Mönchengladbach,1635,RB Leipzig,train,11,11,1.090909,2.272727,9,12,2.2,2.8,1.4,1.0,9.8,16.0,17.0,14.2,4.2,7.8,5.4,3.8,3.0,5.8,6.4,4.8,10.4,8.2,1.0,1.6,0.090909,0.0,6,6,0.833333,1.666667,6,5,-69.299951,D
77355,2025,bl1,12,2025-11-29T15:30:00+01:00,40,FC Bayern München,98,FC St. Pauli,train,11,11,2.818182,0.636364,13,0,3.2,0.2,1.0,2.4,18.8,10.8,7.2,11.0,6.8,2.4,1.6,5.8,6.0,6.2,3.8,4.0,9.8,9.8,2.0,1.8,0.0,0.0,6,5,3.0,0.6,7,6,234.362084,H
77359,2025,bl1,12,2025-11-29T15:30:00+01:00,134,SV Werder Bremen,65,1. FC Köln,train,11,11,1.363636,1.272727,8,4,1.2,1.8,1.2,2.0,13.4,13.4,16.4,13.6,4.6,4.4,7.0,5.8,5.4,3.6,7.2,5.4,9.6,9.0,2.8,1.6,0.090909,0.0,5,6,2.0,1.166667,6,7,-13.255896,D
77361,2025,bl1,12,2025-11-29T15:30:00+01:00,80,1. FC Union Berlin,199,1. FC Heidenheim 1846,train,11,11,1.363636,0.454545,8,2,1.2,0.8,0.8,3.0,11.8,12.0,12.2,16.4,3.2,4.0,3.2,5.6,5.0,4.8,5.8,6.6,14.0,9.8,2.8,1.0,0.090909,0.090909,6,5,1.5,0.0,6,7,80.675809,A
77362,2025,bl1,12,2025-11-29T15:30:00+01:00,175,TSG Hoffenheim,95,FC Augsburg,train,11,11,1.818182,0.909091,13,4,2.6,0.8,1.0,2.2,13.8,12.8,13.6,12.2,5.0,3.8,3.8,4.6,5.0,3.2,5.6,3.6,14.8,12.6,2.2,2.8,0.0,0.090909,5,5,1.2,0.8,8,7,100.757091,H
77356,2025,bl1,12,2025-11-29T18:30:00+01:00,6,Bayer 04 Leverkusen,7,Borussia Dortmund,train,11,11,2.090909,2.0,12,8,3.0,1.4,1.4,1.2,15.6,14.2,12.4,10.8,5.2,3.6,4.2,3.4,4.2,6.2,5.0,3.2,7.2,12.6,1.4,1.6,0.181818,0.090909,6,6,2.166667,1.833333,7,7,10.926992,A
77363,2025,bl1,12,2025-11-30T15:30:00+01:00,100,Hamburger SV,16,VfB Stuttgart,train,11,11,0.818182,2.0,1,10,0.6,2.4,1.8,1.8,15.4,16.2,13.8,14.2,4.6,6.2,4.6,5.2,4.8,5.6,3.2,3.8,12.4,10.4,2.4,2.0,0.363636,0.0,5,6,1.4,1.166667,8,8,-71.258076,H
77357,2025,bl1,12,2025-11-30T17:30:00+01:00,91,Eintracht Frankfurt,131,VfL Wolfsburg,train,11,11,1.818182,0.727273,11,3,2.0,1.0,1.2,2.2,11.8,11.4,8.8,15.8,4.6,5.0,3.0,5.4,3.4,3.6,2.8,7.0,10.0,12.0,1.0,1.6,0.0,0.090909,5,5,1.8,1.2,8,8,69.036445,D
77358,2025,bl1,12,2025-11-30T19:30:00+01:00,112,SC Freiburg,81,1. FSV Mainz 05,train,11,11,1.181818,0.545455,5,2,1.2,1.2,2.2,1.8,10.2,11.0,13.4,15.4,3.6,2.8,3.8,5.6,5.0,3.8,2.8,3.6,8.4,15.6,1.4,3.2,0.181818,0.363636,5,5,1.6,0.8,8,9,31.448588,H
77365,2025,bl1,13,2025-12-05T20:30:00+01:00,81,1. FSV Mainz 05,87,Borussia Mönchengladbach,train,12,12,0.5,1.083333,2,10,0.6,2.0,1.8,0.8,8.8,9.8,16.0,17.8,2.2,4.0,6.0,5.2,3.8,2.8,4.2,6.4,14.0,9.2,2.8,0.4,0.416667,0.083333,6,5,0.333333,1.4,5,7,-53.358336,A
77367,2025,bl1,13,2025-12-06T15:30:00+01:00,16,VfB Stuttgart,40,FC Bayern München,train,12,12,1.833333,2.833333,7,13,2.0,3.4,2.2,1.0,16.0,19.6,13.8,7.6,5.4,6.2,5.0,1.6,5.2,7.2,4.0,3.6,11.2,8.4,2.6,2.0,0.0,0.0,5,5,3.0,2.6,6,7,-131.057064,A
77368,2025,bl1,13,2025-12-06T15:30:00+01:00,131,VfL Wolfsburg,80,1. FC Union Berlin,train,12,12,0.75,1.25,4,5,1.2,0.8,1.8,1.0,11.2,10.4,15.8,12.6,5.0,2.6,4.6,3.2,3.2,4.8,8.2,5.6,11.4,12.4,2.2,2.4,0.083333,0.083333,6,5,0.333333,1.2,6,7,-21.449413,H
77369,2025,bl1,13,2025-12-06T15:30:00+01:00,95,FC Augsburg,6,Bayer 04 Leverkusen,train,12,12,0.833333,1.916667,3,9,0.6,2.4,2.6,1.2,13.6,14.4,13.8,11.4,3.8,4.4,4.8,4.2,3.2,5.6,4.0,5.2,11.0,6.2,2.4,1.2,0.083333,0.166667,6,5,1.0,2.0,7,7,-134.680634,H
77370,2025,bl1,13,2025-12-06T15:30:00+01:00,199,1. FC Heidenheim 1846,112,SC Freiburg,train,12,12,0.666667,1.333333,4,7,0.8,1.6,2.8,1.8,7.8,12.4,16.0,12.0,2.2,4.6,5.2,3.4,3.4,5.6,7.2,3.0,10.0,9.0,1.2,1.0,0.083333,0.166667,6,6,0.833333,0.833333,7,6,-94.390253,H
77371,2025,bl1,13,2025-12-06T15:30:00+01:00,65,1. FC Köln,98,FC St. Pauli,train,12,12,1.25,0.583333,4,0,1.8,0.4,2.0,2.4,13.6,10.8,15.0,12.0,4.4,2.2,5.8,5.6,2.6,4.8,5.8,4.6,9.2,9.4,2.0,1.8,0.0,0.0,5,6,1.4,0.5,7,7,84.333783,D
77366,2025,bl1,13,2025-12-06T18:30:00+01:00,1635,RB Leipzig,91,Eintracht Frankfurt,train,12,12,2.166667,1.75,10,11,2.4,1.8,0.8,1.0,18.0,13.2,12.8,8.4,7.8,4.6,3.4,2.6,6.4,6.0,4.8,2.4,7.4,8.4,1.6,0.6,0.0,0.0,5,6,3.0,1.833333,8,6,40.208005,H
77372,2025,bl1,13,2025-12-07T15:30:00+01:00,100,Hamburger SV,134,SV Werder Bremen,train,12,12,1.0,1.333333,4,8,0.8,1.0,1.6,1.0,14.2,14.6,14.6,12.2,4.4,4.6,4.4,5.2,4.6,5.8,3.8,4.8,13.2,9.6,2.6,2.6,0.416667,0.166667,6,6,1.666667,0.833333,7,8,-19.923875,H
77364,2025,bl1,13,2025-12-07T17:30:00+01:00,7,Borussia Dortmund,175,TSG Hoffenheim,train,12,12,2.083333,1.916667,11,13,1.6,2.6,1.0,1.0,14.0,14.4,10.6,14.4,4.2,4.6,2.8,4.2,6.2,5.0,4.4,4.2,11.0,14.8,1.8,1.8,0.083333,0.0,5,6,2.2,2.333333,8,8,19.033689,H
77379,2025,bl1,14,2025-12-12T20:30:00+01:00,80,1. FC Union Berlin,1635,RB Leipzig,train,13,13,1.153846,2.230769,5,10,1.0,2.4,1.4,0.8,12.2,18.2,10.2,11.4,3.4,7.6,3.2,3.4,5.8,6.6,4.6,4.4,11.8,7.2,2.6,1.6,0.076923,0.0,7,7,1.285714,1.571429,6,6,-125.861627,H
77375,2025,bl1,14,2025-12-13T15:30:00+01:00,91,Eintracht Frankfurt,95,FC Augsburg,train,13,13,1.615385,1.0,8,6,1.4,1.0,2.2,1.4,12.8,13.2,9.8,14.8,3.8,4.6,3.8,3.6,5.8,3.8,2.6,4.8,9.6,11.6,1.0,2.6,0.0,0.076923,6,6,1.666667,0.666667,7,7,60.354382,H
77378,2025,bl1,14,2025-12-13T15:30:00+01:00,87,Borussia Mönchengladbach,131,VfL Wolfsburg,train,13,13,1.230769,0.923077,13,4,2.2,1.6,0.2,2.0,12.4,10.8,14.0,14.6,5.0,5.2,3.4,4.6,3.8,3.0,6.4,8.2,8.8,10.4,0.6,2.0,0.076923,0.076923,7,6,0.857143,1.166667,8,7,35.067716,A
77380,2025,bl1,14,2025-12-13T15:30:00+01:00,98,FC St. Pauli,199,1. FC Heidenheim 1846,train,13,13,0.615385,0.846154,1,7,0.6,1.0,2.2,2.4,10.0,8.6,12.2,16.4,2.2,2.2,6.0,4.2,5.0,4.0,5.4,7.0,9.4,9.6,1.8,1.4,0.0,0.076923,6,6,0.666667,0.5,7,7,-2.661011,H
77381,2025,bl1,14,2025-12-13T15:30:00+01:00,175,TSG Hoffenheim,100,Hamburger SV,train,13,13,1.769231,1.153846,10,7,2.0,1.4,1.2,1.8,13.8,11.2,13.6,15.4,3.8,4.4,4.4,4.6,4.6,3.4,4.6,4.2,13.8,13.2,2.0,2.6,0.0,0.384615,6,6,1.5,0.333333,6,6,58.87177,H
77374,2025,bl1,14,2025-12-13T18:30:00+01:00,6,Bayer 04 Leverkusen,65,1. FC Köln,train,13,13,1.769231,1.230769,6,5,2.0,2.0,1.6,2.0,14.6,14.8,12.0,10.6,4.0,6.0,4.8,4.2,6.6,3.2,5.6,3.2,5.6,8.8,1.6,1.6,0.153846,0.0,7,7,1.857143,1.142857,7,7,40.540934,H
77376,2025,bl1,14,2025-12-14T15:30:00+01:00,112,SC Freiburg,7,Borussia Dortmund,train,13,13,1.230769,2.153846,7,11,1.8,1.8,1.8,1.0,13.6,10.2,11.4,11.8,4.4,3.2,3.2,3.4,6.2,4.2,4.2,5.0,9.4,10.4,0.8,1.4,0.153846,0.076923,6,7,1.833333,2.0,8,7,-64.779575,D
77373,2025,bl1,14,2025-12-14T17:30:00+01:00,40,FC Bayern München,81,1. FSV Mainz 05,train,13,13,2.846154,0.461538,13,2,3.8,0.4,1.0,1.6,18.0,7.8,10.0,15.0,6.2,2.2,1.8,5.4,6.4,4.4,4.0,4.0,8.8,14.0,2.2,2.6,0.0,0.384615,7,6,3.0,0.666667,8,9,253.512911,D
77377,2025,bl1,14,2025-12-14T19:30:00+01:00,134,SV Werder Bremen,16,VfB Stuttgart,train,13,13,1.230769,1.692308,5,4,1.2,1.6,1.6,3.0,13.4,14.8,12.2,15.0,4.6,4.0,6.0,6.8,5.4,4.4,4.6,3.8,11.0,10.2,3.0,2.2,0.153846,0.076923,6,7,1.833333,1.0,7,8,-14.506775,A
77382,2025,bl1,15,2025-12-19T20:30:00+01:00,7,Borussia Dortmund,87,Borussia Mönchengladbach,train,14,14,2.071429,1.142857,9,10,1.8,1.6,1.2,0.8,11.0,12.2,14.2,13.0,3.8,3.6,4.4,3.8,3.6,4.8,5.4,5.4,9.2,8.4,1.6,0.6,0.142857,0.071429,6,6,2.333333,1.666667,5,6,81.657936,H
77385,2025,bl1,15,2025-12-20T15:30:00+01:00,16,VfB Stuttgart,175,TSG Hoffenheim,train,14,14,1.785714,1.857143,7,10,2.2,2.2,2.4,1.0,16.8,13.8,13.6,14.0,5.6,4.2,5.6,4.2,5.2,4.8,2.8,4.8,9.4,13.6,1.8,1.8,0.071429,0.0,6,7,2.5,2.0,6,7,-14.732887,D
77386,2025,bl1,15,2025-12-20T15:30:00+01:00,131,VfL Wolfsburg,112,SC Freiburg,train,14,14,1.071429,1.214286,7,7,1.8,2.0,1.6,2.0,10.6,15.2,15.4,11.0,5.2,4.8,4.6,3.6,3.2,6.4,9.0,3.2,10.0,9.0,2.2,1.2,0.071429,0.142857,7,7,0.714286,0.714286,7,6,-21.158842,A
77387,2025,bl1,15,2025-12-20T15:30:00+01:00,95,FC Augsburg,134,SV Werder Bremen,train,14,14,0.928571,1.142857,6,4,1.0,1.0,1.4,2.2,13.8,14.2,16.0,15.0,4.6,4.6,4.2,7.4,4.2,5.4,4.6,6.0,10.8,11.0,2.4,2.8,0.071429,0.214286,7,7,1.285714,0.714286,7,6,-21.741863,D
77389,2025,bl1,15,2025-12-20T15:30:00+01:00,65,1. FC Köln,80,1. FC Union Berlin,train,14,14,1.142857,1.285714,2,7,1.2,1.6,2.2,1.6,11.4,12.4,11.8,9.4,4.8,4.2,4.4,3.0,3.4,5.6,4.2,4.8,8.4,9.2,1.6,1.8,0.0,0.071429,6,6,1.333333,1.0,7,8,11.725912,A
77390,2025,bl1,15,2025-12-20T15:30:00+01:00,100,Hamburger SV,91,Eintracht Frankfurt,train,14,14,1.071429,1.714286,7,10,1.4,1.4,1.8,2.0,11.8,11.8,12.8,10.4,4.4,4.0,3.8,3.2,3.4,4.6,4.4,3.4,11.6,10.2,2.0,1.0,0.357143,0.0,7,7,1.857143,1.571429,7,7,-36.206211,D
77384,2025,bl1,15,2025-12-20T18:30:00+01:00,1635,RB Leipzig,6,Bayer 04 Leverkusen,train,14,14,2.071429,1.857143,7,9,2.0,2.4,1.2,1.0,16.8,16.6,11.0,9.6,6.4,5.0,3.8,4.8,6.8,7.4,4.2,4.2,7.2,6.6,1.8,1.8,0.0,0.142857,6,6,3.0,1.666667,8,7,31.894285,A
77383,2025,bl1,15,2025-12-21T15:30:00+01:00,81,1. FSV Mainz 05,98,FC St. Pauli,train,14,14,0.5,0.785714,2,4,0.6,1.0,1.8,1.6,6.8,8.4,18.8,13.2,1.6,2.4,7.0,5.2,4.0,4.2,5.4,7.4,11.8,8.4,2.8,1.4,0.357143,0.071429,7,7,0.285714,0.571429,7,8,13.28014,D
77388,2025,bl1,15,2025-12-21T17:30:00+01:00,199,1. FC Heidenheim 1846,40,FC Bayern München,train,14,14,0.785714,2.714286,6,11,1.0,3.6,2.6,1.4,10.8,19.2,14.8,9.6,2.8,7.6,4.6,2.0,5.8,5.8,6.2,3.2,11.2,8.0,2.0,2.4,0.071429,0.0,7,6,1.142857,2.666667,8,7,-270.625328,A
77393,2025,bl1,16,2026-01-09T20:30:00+01:00,91,Eintracht Frankfurt,7,Borussia Dortmund,train,15,15,1.666667,2.133333,8,11,1.4,2.0,2.2,1.0,10.8,9.6,11.6,13.6,3.8,4.4,3.8,4.0,4.8,3.6,3.8,5.8,11.0,10.6,1.0,1.8,0.0,0.133333,7,8,1.857143,1.875,20,21,-76.256502,D
77394,2025,bl1,16,2026-01-10T15:30:00+01:00,112,SC Freiburg,100,Hamburger SV,train,15,15,1.333333,1.066667,7,7,2.4,1.4,2.4,1.8,16.6,11.8,12.2,11.2,5.6,4.4,4.4,4.2,5.8,4.0,3.0,4.2,9.0,10.4,1.0,1.8,0.133333,0.333333,7,7,1.714286,0.285714,21,21,48.528897,H
77398,2025,bl1,16,2026-01-10T15:30:00+01:00,80,1. FC Union Berlin,81,1. FSV Mainz 05,train,15,15,1.4,0.533333,9,3,1.4,0.6,1.2,1.6,12.2,8.8,9.6,17.0,4.0,1.8,2.6,6.4,5.6,5.2,4.4,5.6,11.2,10.0,2.4,2.0,0.066667,0.333333,8,7,1.5,0.714286,21,20,53.253002,D
77400,2025,bl1,16,2026-01-10T15:30:00+01:00,199,1. FC Heidenheim 1846,65,1. FC Köln,train,15,15,0.733333,1.066667,6,2,1.0,1.0,2.2,1.8,12.2,10.2,14.4,12.2,3.0,4.2,4.8,4.2,5.6,2.8,5.2,5.0,11.4,7.6,1.8,1.4,0.066667,0.066667,8,8,1.0,1.0,20,21,-82.434515,D
77392,2025,bl1,16,2026-01-10T18:30:00+01:00,6,Bayer 04 Leverkusen,16,VfB Stuttgart,train,15,15,1.933333,1.733333,9,5,1.8,1.6,1.2,2.0,14.6,15.4,13.2,11.0,4.6,5.0,6.2,4.6,6.8,5.2,4.4,2.4,8.0,8.8,2.2,2.0,0.133333,0.066667,8,8,2.0,1.25,21,21,36.345105,A
77397,2025,bl1,16,2026-01-11T15:30:00+01:00,87,Borussia Mönchengladbach,95,FC Augsburg,train,15,15,1.066667,0.933333,7,7,1.0,0.6,1.0,0.8,11.6,13.2,11.2,14.4,3.0,4.6,3.6,3.0,5.2,4.6,5.4,6.0,8.8,10.8,0.4,2.4,0.066667,0.066667,8,7,0.75,0.571429,23,22,49.892151,H
77391,2025,bl1,16,2026-01-11T17:30:00+01:00,40,FC Bayern München,131,VfL Wolfsburg,train,15,15,2.733333,1.0,13,7,4.0,2.2,1.0,2.0,21.4,11.8,8.8,14.4,9.0,5.6,1.4,4.8,6.0,3.0,2.0,7.6,7.6,11.6,1.6,2.4,0.0,0.066667,8,7,2.75,1.428571,21,22,225.599274,H
77404,2025,bl1,17,2026-01-13T18:30:00+01:00,16,VfB Stuttgart,91,Eintracht Frankfurt,train,16,16,1.8125,1.625,7,6,1.8,1.2,1.6,2.2,14.2,11.0,11.4,12.6,5.2,3.6,4.2,4.0,5.0,4.6,3.0,4.2,9.0,12.8,2.2,1.6,0.0625,0.0,7,8,2.285714,1.5,3,4,54.44702,H
77401,2025,bl1,17,2026-01-13T20:30:00+01:00,7,Borussia Dortmund,134,SV Werder Bremen,train,16,15,2.0625,1.133333,11,2,2.0,0.6,1.0,2.0,10.0,12.0,12.8,16.4,4.4,3.2,4.0,7.8,4.2,5.0,5.4,6.6,9.4,12.4,2.2,3.2,0.125,0.2,7,8,2.428571,0.75,4,24,122.286508,H
77402,2025,bl1,17,2026-01-13T20:30:00+01:00,81,1. FSV Mainz 05,199,1. FC Heidenheim 1846,train,16,16,0.5625,0.75,3,7,0.8,1.4,1.8,2.0,7.2,13.6,16.6,15.4,2.4,3.8,6.4,5.8,4.0,5.8,5.2,5.0,9.0,10.6,1.4,1.8,0.3125,0.0625,8,7,0.375,0.428571,3,3,33.427797,H
77405,2025,bl1,17,2026-01-14T18:30:00+01:00,131,VfL Wolfsburg,98,FC St. Pauli,train,16,15,0.9375,0.8,7,5,2.2,0.8,3.0,1.2,9.2,8.0,16.2,14.2,4.2,2.2,6.2,4.6,1.6,4.6,8.6,7.4,10.4,7.8,2.2,1.2,0.0625,0.066667,8,8,0.625,0.625,3,24,34.469181,H
77403,2025,bl1,17,2026-01-14T20:30:00+01:00,1635,RB Leipzig,112,SC Freiburg,train,15,16,1.933333,1.4375,7,10,2.0,2.4,1.2,1.4,17.2,19.0,11.6,9.8,6.8,6.6,4.6,3.8,6.2,4.8,4.8,3.0,8.2,10.2,1.6,1.6,0.0,0.125,7,8,2.571429,1.0,25,4,52.191806,H
77407,2025,bl1,17,2026-01-14T20:30:00+01:00,175,TSG Hoffenheim,87,Borussia Mönchengladbach,train,15,16,1.8,1.1875,8,7,1.6,1.2,0.8,1.0,12.2,10.8,12.6,13.2,3.6,3.6,3.8,3.6,4.2,4.6,4.6,5.0,14.4,9.6,1.6,0.4,0.0,0.0625,7,7,1.714286,1.428571,25,3,47.231104,H
77408,2025,bl1,17,2026-01-14T20:30:00+01:00,65,1. FC Köln,40,FC Bayern München,train,16,16,1.0625,2.75,3,13,0.8,4.4,1.4,0.8,12.2,20.2,12.8,8.8,5.0,9.4,4.0,1.6,3.0,6.6,5.4,1.4,7.8,7.2,1.6,1.4,0.0625,0.0,7,7,1.142857,2.714286,4,3,-230.863912,A
77406,2025,bl1,17,2026-01-15T20:30:00+01:00,95,FC Augsburg,80,1. FC Union Berlin,train,16,16,0.875,1.375,4,7,0.4,1.6,1.6,1.6,14.0,14.0,13.8,9.0,3.8,4.4,3.2,3.2,4.2,5.6,5.8,3.0,10.0,11.4,2.2,2.6,0.0625,0.0625,8,7,1.25,1.285714,4,5,-75.711329,D
77412,2025,bl1,18,2026-01-16T20:30:00+01:00,134,SV Werder Bremen,91,Eintracht Frankfurt,train,16,17,1.0625,1.529412,2,5,0.6,1.4,2.2,2.6,10.2,10.4,15.6,14.6,2.6,4.0,6.8,5.6,4.2,2.2,4.6,6.0,12.6,14.4,2.8,1.8,0.1875,0.0,7,9,1.571429,1.333333,3,3,-50.90299,D
77410,2025,bl1,18,2026-01-17T15:30:00+01:00,7,Borussia Dortmund,98,FC St. Pauli,train,17,16,2.117647,0.75,11,5,2.2,1.0,0.8,1.4,12.2,7.4,11.2,15.2,5.2,2.4,3.8,5.0,4.2,3.8,4.0,8.4,10.4,7.6,1.8,1.4,0.117647,0.0625,8,9,2.5,0.555556,4,3,163.491244,H
77414,2025,bl1,18,2026-01-17T15:30:00+01:00,131,VfL Wolfsburg,199,1. FC Heidenheim 1846,train,17,17,1.058824,0.705882,9,4,2.4,1.2,3.0,2.2,9.8,14.6,15.0,16.2,4.6,4.2,6.4,6.6,2.8,5.0,6.6,4.8,10.6,10.6,1.6,1.8,0.058824,0.058824,9,8,0.888889,0.375,3,4,63.219715,D
77416,2025,bl1,18,2026-01-17T15:30:00+01:00,175,TSG Hoffenheim,6,Bayer 04 Leverkusen,train,16,16,1.875,1.8125,10,6,2.4,1.4,0.8,1.8,12.0,16.4,10.6,11.0,4.6,4.8,4.2,5.6,4.6,7.6,3.6,3.2,15.0,9.2,1.4,2.8,0.0,0.125,8,7,1.875,1.857143,3,7,20.499066,H
77417,2025,bl1,18,2026-01-17T15:30:00+01:00,65,1. FC Köln,81,1. FSV Mainz 05,train,17,17,1.0,0.705882,2,6,0.8,1.2,1.8,1.2,11.8,9.6,13.2,15.0,5.2,3.4,4.8,5.2,3.8,4.4,5.8,4.2,6.2,8.8,0.8,1.4,0.058824,0.294118,8,8,1.0,0.75,3,4,37.970844,H
77418,2025,bl1,18,2026-01-17T15:30:00+01:00,100,Hamburger SV,87,Borussia Mönchengladbach,train,16,17,1.0,1.117647,7,6,1.6,1.4,2.0,2.0,10.8,10.6,12.6,12.8,4.2,4.4,4.4,4.8,4.0,4.0,3.4,5.0,10.6,9.8,2.2,0.6,0.375,0.058824,8,8,1.75,1.25,7,3,-21.926123,D
77411,2025,bl1,18,2026-01-17T18:30:00+01:00,1635,RB Leipzig,40,FC Bayern München,train,16,17,2.0,2.764706,7,13,2.0,4.4,1.2,0.8,17.0,20.2,9.2,8.4,5.6,10.2,3.6,2.0,5.0,5.8,3.8,1.8,9.6,7.0,1.4,1.2,0.0,0.0,8,8,2.625,2.75,3,3,-150.009889,A
77413,2025,bl1,18,2026-01-18T15:30:00+01:00,16,VfB Stuttgart,80,1. FC Union Berlin,train,17,17,1.882353,1.352941,10,8,2.2,1.6,1.6,1.4,15.4,15.4,12.0,8.8,6.8,4.6,4.8,3.8,5.8,5.2,2.6,2.6,8.2,12.4,1.8,2.0,0.058824,0.117647,8,8,2.375,1.25,5,3,67.810535,D
77415,2025,bl1,18,2026-01-18T17:30:00+01:00,95,FC Augsburg,112,SC Freiburg,train,17,17,0.882353,1.352941,5,7,0.6,1.6,1.2,1.8,13.0,15.0,13.6,13.8,4.0,4.8,3.2,5.0,4.4,4.0,5.0,4.0,10.0,11.6,2.4,2.4,0.058824,0.117647,9,9,1.222222,0.888889,3,4,-93.669502,D
77426,2025,bl1,19,2026-01-23T20:30:00+01:00,98,FC St. Pauli,100,Hamburger SV,train,17,17,0.705882,1.0,5,5,1.2,1.2,1.4,1.8,7.2,14.0,13.4,11.0,3.2,6.2,5.4,3.8,4.4,3.6,7.4,3.2,8.2,10.6,1.4,2.0,0.058824,0.352941,7,8,1.0,0.25,6,6,-39.909418,D
77419,2025,bl1,19,2026-01-24T15:30:00+01:00,40,FC Bayern München,95,FC Augsburg,train,18,18,2.777778,0.888889,13,3,4.4,0.6,1.0,1.6,20.2,13.0,9.2,12.0,10.4,3.8,2.6,3.8,6.8,5.2,2.2,4.8,6.0,9.8,0.4,2.2,0.0,0.055556,9,8,2.777778,0.5,7,6,331.61013,A
77420,2025,bl1,19,2026-01-24T15:30:00+01:00,6,Bayer 04 Leverkusen,134,SV Werder Bremen,train,17,17,1.705882,1.058824,6,2,1.2,1.0,1.6,2.6,15.2,9.4,13.4,15.2,4.4,2.6,6.4,7.2,6.6,4.2,3.2,4.8,9.2,12.0,2.4,2.6,0.117647,0.176471,9,9,1.777778,0.666667,7,8,92.705798,H
77421,2025,bl1,19,2026-01-24T15:30:00+01:00,91,Eintracht Frankfurt,175,TSG Hoffenheim,train,18,17,1.5,1.941176,6,10,2.0,2.0,2.0,0.8,10.4,12.4,14.0,9.4,4.4,5.6,5.0,3.8,2.4,3.8,6.0,4.2,14.0,15.0,2.2,1.6,0.0,0.0,8,8,1.75,1.875,8,7,-70.680571,A
77423,2025,bl1,19,2026-01-24T15:30:00+01:00,81,1. FSV Mainz 05,131,VfL Wolfsburg,train,18,18,0.666667,1.055556,6,7,1.4,2.0,1.4,3.0,10.2,11.6,16.2,13.4,4.4,4.8,5.4,5.8,3.8,4.6,4.8,5.6,8.4,10.0,1.8,1.6,0.277778,0.055556,9,8,0.666667,1.25,7,7,-24.789148,H
77427,2025,bl1,19,2026-01-24T15:30:00+01:00,199,1. FC Heidenheim 1846,1635,RB Leipzig,train,18,17,0.722222,1.882353,2,6,1.0,2.2,2.2,2.2,14.0,16.4,15.6,11.4,4.2,5.6,7.0,5.8,4.6,4.8,5.4,4.6,10.8,9.2,2.0,1.0,0.055556,0.0,9,8,1.0,1.375,7,7,-152.444454,A
77425,2025,bl1,19,2026-01-24T18:30:00+01:00,80,1. FC Union Berlin,7,Borussia Dortmund,train,18,18,1.333333,2.166667,9,11,1.6,2.4,1.0,1.2,15.2,12.6,10.6,10.8,4.0,5.6,4.0,4.2,4.6,3.8,3.2,4.0,12.6,10.8,2.0,2.4,0.111111,0.111111,9,9,1.444444,1.777778,6,7,-96.171694,A
77424,2025,bl1,19,2026-01-25T15:30:00+01:00,87,Borussia Mönchengladbach,16,VfB Stuttgart,train,18,18,1.111111,1.833333,4,11,1.2,2.4,2.0,0.8,9.0,15.4,16.2,12.2,3.4,7.4,6.8,3.2,3.8,5.8,3.8,3.4,12.6,8.2,0.8,1.6,0.055556,0.055556,9,9,1.0,1.444444,8,7,-75.817102,A
77422,2025,bl1,19,2026-01-25T17:30:00+01:00,112,SC Freiburg,65,1. FC Köln,train,18,18,1.333333,1.111111,8,4,1.8,1.0,1.8,1.8,14.2,13.6,13.2,14.4,5.4,4.8,5.4,6.0,4.0,4.6,4.2,6.0,12.4,6.2,2.6,1.6,0.111111,0.055556,8,9,1.875,1.0,7,8,23.443084,H
77395,2025,bl1,16,2026-01-27T20:30:00+01:00,134,SV Werder Bremen,175,TSG Hoffenheim,train,18,18,1.0,2.0,2,13,0.6,2.6,2.2,0.6,10.8,12.2,15.4,9.6,2.6,6.0,6.8,3.6,4.6,4.0,4.8,4.0,11.2,16.4,2.0,2.0,0.166667,0.0,8,9,1.5,2.0,3,3,-137.102936,A
77399,2025,bl1,16,2026-01-27T20:30:00+01:00,98,FC St. Pauli,1635,RB Leipzig,train,18,18,0.722222,1.944444,5,6,1.0,1.6,1.2,2.2,7.8,15.4,12.2,11.2,3.6,5.8,4.2,5.8,4.6,4.0,7.2,5.4,10.0,9.2,1.4,0.8,0.055556,0.0,8,9,1.0,1.555556,4,3,-149.970598,D
77435,2025,bl1,20,2026-01-30T20:30:00+01:00,65,1. FC Köln,131,VfL Wolfsburg,train,19,19,1.052632,1.0,4,4,1.2,1.6,1.8,3.4,16.2,10.8,13.6,14.6,4.8,4.0,5.8,6.8,5.0,4.2,5.4,7.4,6.8,10.6,1.8,1.8,0.052632,0.052632,9,9,1.222222,1.111111,5,6,26.803408,H
77428,2025,bl1,20,2026-01-31T15:30:00+01:00,91,Eintracht Frankfurt,6,Bayer 04 Leverkusen,train,19,18,1.421053,1.777778,3,9,2.0,1.4,2.6,1.2,10.0,13.8,13.6,14.2,4.2,4.8,5.8,5.8,3.2,6.2,6.0,3.2,12.8,9.2,1.8,2.2,0.0,0.111111,9,8,1.555556,1.625,7,7,-56.653763,A
77430,2025,bl1,20,2026-01-31T15:30:00+01:00,1635,RB Leipzig,81,1. FSV Mainz 05,train,19,19,1.894737,0.789474,7,8,1.6,1.6,1.8,1.2,16.0,13.2,10.2,12.8,6.2,5.8,5.0,3.6,3.4,6.8,5.4,3.6,9.2,8.4,0.6,2.0,0.0,0.263158,9,9,2.333333,0.666667,4,7,120.008127,A
77431,2025,bl1,20,2026-01-31T15:30:00+01:00,134,SV Werder Bremen,87,Borussia Mönchengladbach,train,19,19,0.947368,1.052632,2,4,0.6,1.0,1.8,2.0,14.2,8.6,13.0,17.4,2.6,3.2,5.0,7.2,5.8,2.8,4.4,4.0,10.4,13.6,2.0,1.0,0.157895,0.052632,9,9,1.333333,1.222222,4,6,-30.935732,D
77433,2025,bl1,20,2026-01-31T15:30:00+01:00,95,FC Augsburg,98,FC St. Pauli,train,19,19,1.0,0.736842,6,3,1.0,0.8,1.6,1.2,13.8,7.6,12.8,10.6,4.8,3.0,4.2,3.8,4.6,4.6,6.2,5.6,8.8,10.0,1.8,1.0,0.052632,0.052632,10,10,1.2,0.5,7,4,6.54639,H
77434,2025,bl1,20,2026-01-31T15:30:00+01:00,175,TSG Hoffenheim,80,1. FC Union Berlin,train,19,19,2.052632,1.263158,13,6,2.2,1.0,0.4,1.4,12.6,14.8,12.0,11.8,5.4,3.4,3.2,4.4,4.8,5.2,4.6,2.4,15.2,13.2,2.2,1.6,0.052632,0.105263,9,9,2.0,1.222222,4,7,114.897927,H
77436,2025,bl1,20,2026-01-31T18:30:00+01:00,100,Hamburger SV,40,FC Bayern München,train,18,19,1.0,2.631579,3,12,0.6,4.2,1.4,1.0,12.6,18.4,10.6,11.4,5.4,9.4,3.8,3.4,3.4,7.2,3.6,2.8,11.6,6.6,2.0,0.2,0.333333,0.0,9,9,1.666667,2.777778,8,7,-276.007879,D
77432,2025,bl1,20,2026-02-01T15:30:00+01:00,16,VfB Stuttgart,112,SC Freiburg,train,19,19,1.894737,1.421053,11,10,2.2,2.0,0.8,1.8,14.0,12.6,12.8,15.2,6.6,5.2,3.2,5.4,4.8,3.8,3.6,5.2,8.4,11.2,1.8,2.2,0.052632,0.105263,9,10,2.222222,0.9,7,7,63.468561,H
77429,2025,bl1,20,2026-02-01T17:30:00+01:00,7,Borussia Dortmund,199,1. FC Heidenheim 1846,train,19,19,2.210526,0.684211,13,2,2.8,0.8,1.0,2.4,13.8,11.4,8.6,16.2,5.8,3.2,3.6,7.6,4.2,3.2,4.2,4.6,12.0,9.8,2.2,1.6,0.105263,0.052632,9,9,2.555556,0.444444,8,8,217.713142,H
77442,2025,bl1,21,2026-02-06T20:30:00+01:00,80,1. FC Union Berlin,91,Eintracht Frankfurt,train,20,20,1.2,1.35,3,2,1.0,2.0,2.0,3.0,15.8,10.4,11.0,14.0,3.4,4.4,4.8,6.0,6.0,3.8,2.4,5.6,13.2,12.6,1.0,2.4,0.1,0.05,10,10,1.3,1.3,6,6,-4.008778,D
77438,2025,bl1,21,2026-02-07T15:30:00+01:00,112,SC Freiburg,134,SV Werder Bremen,train,20,20,1.35,0.95,7,2,1.2,0.8,1.4,2.0,11.8,16.0,16.2,11.6,4.0,3.8,5.6,4.2,3.0,5.0,6.0,3.8,12.4,8.4,2.2,1.2,0.1,0.15,9,10,2.0,0.6,6,7,77.073206,H
77439,2025,bl1,21,2026-02-07T15:30:00+01:00,81,1. FSV Mainz 05,95,FC Augsburg,train,20,20,0.9,1.1,10,8,2.0,1.4,1.4,1.8,12.8,13.4,14.8,14.4,6.4,4.8,4.2,5.2,5.8,4.4,3.6,5.0,10.0,9.8,2.6,1.8,0.25,0.05,10,9,0.9,0.777778,7,7,27.250739,H
77441,2025,bl1,21,2026-02-07T15:30:00+01:00,131,VfL Wolfsburg,7,Borussia Dortmund,train,20,20,0.95,2.25,4,13,1.0,3.0,2.8,1.4,11.0,15.6,14.6,9.8,3.4,6.0,5.8,4.0,4.6,5.4,6.8,4.0,10.6,11.2,2.4,2.2,0.05,0.1,10,10,0.9,1.9,8,6,-157.331582,A
77443,2025,bl1,21,2026-02-07T15:30:00+01:00,98,FC St. Pauli,16,VfB Stuttgart,train,20,20,0.7,1.95,2,13,1.0,2.4,1.6,0.8,10.0,15.6,10.4,14.2,3.8,7.4,4.8,3.4,4.6,5.2,4.8,3.6,10.8,9.2,1.0,1.8,0.05,0.05,9,10,1.0,1.6,7,6,-165.023456,H
77444,2025,bl1,21,2026-02-07T15:30:00+01:00,199,1. FC Heidenheim 1846,100,Hamburger SV,train,20,19,0.65,1.0,2,4,1.2,0.8,2.2,1.0,12.2,12.6,15.4,11.2,3.6,5.2,6.4,4.0,3.8,3.4,5.8,4.8,10.4,12.0,2.0,2.6,0.05,0.315789,10,9,0.9,0.333333,6,7,-74.919173,A
77440,2025,bl1,21,2026-02-07T18:30:00+01:00,87,Borussia Mönchengladbach,6,Bayer 04 Leverkusen,train,20,19,1.05,1.842105,5,9,1.2,1.6,1.8,1.4,8.8,12.6,19.0,15.2,3.4,4.4,7.6,5.8,2.6,5.2,4.2,4.2,13.8,9.6,1.0,2.0,0.05,0.105263,10,9,0.9,1.777778,7,7,-90.126563,D
77445,2025,bl1,21,2026-02-08T15:30:00+01:00,65,1. FC Köln,1635,RB Leipzig,train,20,20,1.15,1.8,7,7,1.4,1.6,1.6,1.6,16.6,15.2,14.2,9.4,5.0,5.6,5.8,4.2,5.0,4.0,5.0,4.6,6.6,8.0,1.6,0.4,0.05,0.0,10,10,1.4,1.5,9,8,-74.489788,A
77437,2025,bl1,21,2026-02-08T17:30:00+01:00,40,FC Bayern München,175,TSG Hoffenheim,train,20,20,2.55,2.1,10,15,3.8,2.8,1.4,0.6,16.4,13.6,12.6,13.2,8.6,6.0,4.0,3.2,7.8,5.0,3.4,5.8,8.6,14.0,1.0,2.2,0.0,0.05,10,10,2.5,2.1,8,8,139.942052,H
77448,2025,bl1,22,2026-02-13T20:30:00+01:00,7,Borussia Dortmund,81,1. FSV Mainz 05,train,21,21,2.285714,1.0,15,12,2.8,2.0,1.0,1.0,16.6,13.0,9.8,14.2,5.6,6.4,3.2,4.4,6.0,6.8,4.4,4.0,12.0,10.8,1.8,3.0,0.095238,0.238095,10,10,2.6,0.9,6,6,145.717125,H
77446,2025,bl1,22,2026-02-14T15:30:00+01:00,6,Bayer 04 Leverkusen,98,FC St. Pauli,train,20,21,1.8,0.809524,7,5,1.2,1.2,1.4,1.4,11.6,11.2,13.2,9.2,3.2,4.4,5.6,4.4,4.0,4.8,4.2,4.4,9.4,10.8,2.2,0.6,0.1,0.047619,10,11,1.9,0.454545,7,7,131.144199,H
77447,2025,bl1,22,2026-02-14T15:30:00+01:00,91,Eintracht Frankfurt,87,Borussia Mönchengladbach,train,21,21,1.333333,1.047619,2,3,1.6,0.6,2.6,2.0,8.6,8.2,13.0,17.6,3.4,3.2,5.4,7.6,3.8,2.6,5.6,4.2,12.0,12.0,2.4,1.4,0.095238,0.047619,10,10,1.4,1.2,8,7,9.090455,H
77450,2025,bl1,22,2026-02-14T15:30:00+01:00,134,SV Werder Bremen,40,FC Bayern München,train,21,21,0.904762,2.571429,2,10,0.8,3.2,1.6,1.4,18.2,18.6,9.4,12.8,4.2,9.4,3.0,4.2,6.0,8.2,4.0,3.6,9.2,9.4,1.4,1.4,0.142857,0.0,10,10,1.3,2.6,7,6,-317.491155,A
77453,2025,bl1,22,2026-02-14T15:30:00+01:00,175,TSG Hoffenheim,112,SC Freiburg,train,21,21,2.0,1.428571,12,7,2.0,1.0,1.4,1.2,11.8,9.2,17.2,17.6,4.8,3.0,5.0,5.6,4.4,3.8,7.0,7.0,12.6,11.6,2.4,1.6,0.095238,0.142857,10,11,2.1,0.818182,6,7,70.381002,H
77454,2025,bl1,22,2026-02-14T15:30:00+01:00,100,Hamburger SV,80,1. FC Union Berlin,train,20,21,1.1,1.190476,6,3,1.0,0.8,0.8,1.8,13.6,14.6,13.4,9.8,5.6,3.0,4.2,3.8,4.0,6.6,5.8,2.6,12.6,13.2,3.0,1.4,0.3,0.095238,10,10,1.6,1.1,7,8,4.473109,H
77451,2025,bl1,22,2026-02-14T18:30:00+01:00,16,VfB Stuttgart,65,1. FC Köln,train,21,21,1.857143,1.095238,10,6,1.8,1.2,1.0,1.6,15.0,14.4,14.0,15.2,6.6,3.8,4.0,5.4,5.6,5.0,3.6,4.6,9.0,6.6,1.8,1.6,0.047619,0.047619,10,10,2.3,0.9,7,6,93.608387,H
77452,2025,bl1,22,2026-02-15T15:30:00+01:00,95,FC Augsburg,199,1. FC Heidenheim 1846,train,21,21,1.047619,0.619048,8,1,1.4,0.8,1.4,2.2,12.8,13.4,14.0,14.0,5.6,3.2,5.0,5.6,4.8,4.8,5.8,6.6,10.0,9.8,2.0,1.6,0.047619,0.047619,11,10,1.363636,0.4,8,8,48.695628,H
77449,2025,bl1,22,2026-02-15T17:30:00+01:00,1635,RB Leipzig,131,VfL Wolfsburg,train,21,21,1.857143,0.904762,7,4,1.6,1.0,1.8,1.6,14.8,11.8,10.8,15.6,5.0,3.2,4.6,4.6,3.2,5.0,5.0,7.2,8.2,12.0,1.2,2.4,0.0,0.047619,10,10,2.1,1.0,7,8,120.698828,D
77457,2025,bl1,23,2026-02-20T20:30:00+01:00,81,1. FSV Mainz 05,100,Hamburger SV,train,22,21,0.954545,1.190476,9,9,1.6,1.4,1.6,0.8,12.4,14.2,14.0,11.8,6.2,5.4,5.2,3.8,6.4,4.6,5.2,6.4,9.6,12.8,3.0,2.6,0.227273,0.285714,11,10,1.090909,0.6,7,6,-22.127287,D
77455,2025,bl1,23,2026-02-21T15:30:00+01:00,40,FC Bayern München,91,Eintracht Frankfurt,train,22,22,2.590909,1.409091,10,5,3.2,1.8,1.2,2.0,17.0,8.6,14.0,13.0,9.4,4.2,4.2,3.8,7.8,3.8,3.2,5.2,9.8,11.2,1.6,2.6,0.0,0.090909,11,11,2.545455,1.272727,7,7,267.049192,H
77459,2025,bl1,23,2026-02-21T15:30:00+01:00,131,VfL Wolfsburg,95,FC Augsburg,train,22,22,0.909091,1.136364,2,10,1.0,1.4,1.8,1.2,11.2,13.4,17.8,14.0,2.8,5.4,5.8,4.8,4.0,5.0,7.6,6.2,12.0,10.0,2.6,2.0,0.045455,0.045455,11,10,0.818182,0.7,6,6,19.54943,A
77460,2025,bl1,23,2026-02-21T15:30:00+01:00,80,1. FC Union Berlin,6,Bayer 04 Leverkusen,train,22,21,1.136364,1.857143,2,10,1.0,1.8,2.2,0.6,13.8,10.8,10.6,13.4,3.4,3.8,3.6,4.4,6.6,4.6,3.2,4.2,11.0,8.2,1.4,1.4,0.090909,0.095238,11,10,1.272727,1.7,7,7,-102.422484,H
77463,2025,bl1,23,2026-02-21T15:30:00+01:00,65,1. FC Köln,175,TSG Hoffenheim,train,22,22,1.045455,2.045455,6,12,1.2,2.4,1.6,1.4,14.8,13.0,14.0,18.2,3.8,4.6,4.6,5.2,5.2,5.0,3.8,7.2,8.0,10.8,1.8,2.6,0.045455,0.090909,11,11,1.272727,1.909091,7,7,-121.276048,D
77458,2025,bl1,23,2026-02-21T18:30:00+01:00,1635,RB Leipzig,7,Borussia Dortmund,train,22,22,1.818182,2.318182,8,15,1.8,3.0,1.2,1.0,15.4,15.8,9.0,10.6,6.2,5.6,2.8,3.6,3.4,6.8,3.6,4.2,8.0,11.2,1.2,2.0,0.0,0.090909,11,11,2.0,2.0,6,8,-58.4013,D
77456,2025,bl1,23,2026-02-22T15:30:00+01:00,112,SC Freiburg,87,Borussia Mönchengladbach,train,22,22,1.363636,1.0,7,3,1.0,0.4,1.4,1.6,11.2,10.8,18.4,16.4,3.4,2.8,5.6,7.4,4.6,3.8,6.8,3.4,9.6,12.2,1.0,1.6,0.136364,0.045455,10,11,2.1,1.090909,8,8,51.893292,H
77461,2025,bl1,23,2026-02-22T17:30:00+01:00,98,FC St. Pauli,134,SV Werder Bremen,train,22,22,0.772727,0.863636,5,1,0.8,0.2,1.6,1.6,11.6,18.4,9.6,10.0,3.6,4.0,4.6,3.8,4.4,5.6,5.0,4.6,10.8,9.6,0.6,1.8,0.045455,0.136364,10,11,1.2,0.545455,8,8,-10.635152,H
77462,2025,bl1,23,2026-02-22T19:30:00+01:00,199,1. FC Heidenheim 1846,16,VfB Stuttgart,train,22,22,0.590909,1.909091,1,10,0.6,1.8,2.0,0.8,13.6,13.6,13.8,13.6,2.8,5.2,5.2,3.6,5.6,4.0,6.6,4.2,9.6,9.4,1.6,2.2,0.045455,0.045455,11,11,0.818182,1.454545,7,8,-208.773276,D
77470,2025,bl1,24,2026-02-27T20:30:00+01:00,95,FC Augsburg,65,1. FC Köln,train,23,23,1.217391,1.043478,12,4,1.6,1.2,1.2,1.8,13.8,12.6,13.6,15.4,5.6,3.4,4.6,4.4,5.2,4.0,5.8,4.8,11.0,8.0,2.2,1.2,0.043478,0.043478,12,11,1.5,0.818182,6,6,-38.639179,H
77464,2025,bl1,24,2026-02-28T15:30:00+01:00,6,Bayer 04 Leverkusen,81,1. FSV Mainz 05,train,22,23,1.772727,0.956522,10,10,1.8,1.6,0.6,1.4,12.4,13.6,11.2,12.8,3.6,5.4,3.6,5.0,4.6,6.8,4.4,3.8,8.2,10.8,1.6,2.8,0.090909,0.217391,11,11,2.0,0.818182,7,8,104.718837,D
77467,2025,bl1,24,2026-02-28T15:30:00+01:00,134,SV Werder Bremen,199,1. FC Heidenheim 1846,train,23,23,0.826087,0.608696,1,1,0.4,1.0,1.8,2.4,17.6,13.0,8.4,13.6,4.2,3.4,3.8,6.0,5.6,5.0,3.8,5.6,9.8,9.8,2.4,1.2,0.130435,0.043478,11,11,1.181818,0.363636,6,6,45.585246,H
77469,2025,bl1,24,2026-02-28T15:30:00+01:00,87,Borussia Mönchengladbach,80,1. FC Union Berlin,train,23,23,0.956522,1.217391,2,4,0.6,1.0,2.0,2.0,12.0,11.4,13.4,11.2,3.2,3.6,6.2,3.0,3.4,5.8,3.6,3.6,10.2,11.8,1.6,2.2,0.043478,0.086957,11,11,0.909091,1.0,6,7,-23.689733,H
77471,2025,bl1,24,2026-02-28T15:30:00+01:00,175,TSG Hoffenheim,98,FC St. Pauli,train,23,23,2.0,0.869565,10,7,2.2,1.2,1.6,1.8,14.6,11.0,18.2,11.2,4.8,3.8,5.4,5.0,5.8,3.6,6.6,5.2,10.0,9.0,2.4,0.8,0.086957,0.043478,11,12,2.181818,0.416667,7,6,178.325085,A
77466,2025,bl1,24,2026-02-28T18:30:00+01:00,7,Borussia Dortmund,40,FC Bayern München,train,23,23,2.26087,2.608696,13,10,2.8,2.8,1.0,1.4,16.0,18.0,11.4,12.4,5.4,9.2,3.2,4.0,6.2,7.6,4.4,2.6,12.8,10.4,2.2,1.6,0.086957,0.0,11,11,2.636364,2.636364,7,7,-131.817897,A
77468,2025,bl1,24,2026-03-01T15:30:00+01:00,16,VfB Stuttgart,131,VfL Wolfsburg,train,23,23,1.869565,0.869565,10,1,2.2,1.2,1.2,2.2,13.4,10.6,11.6,18.2,6.0,2.8,4.2,6.4,4.2,3.0,3.2,8.4,9.6,12.0,2.4,2.4,0.043478,0.043478,11,11,2.363636,1.0,7,8,139.744211,H
77465,2025,bl1,24,2026-03-01T17:30:00+01:00,91,Eintracht Frankfurt,112,SC Freiburg,train,23,23,1.347826,1.434783,4,9,1.6,1.0,2.0,1.2,8.8,10.8,15.2,18.2,4.0,3.6,5.2,5.0,4.0,4.0,6.0,5.6,10.2,8.6,2.4,0.8,0.086957,0.130435,11,12,1.545455,0.75,8,7,-20.582959,H
77472,2025,bl1,24,2026-03-01T19:30:00+01:00,100,Hamburger SV,1635,RB Leipzig,train,22,23,1.181818,1.782609,9,6,1.6,1.6,1.0,1.6,12.0,15.8,14.0,9.8,4.0,5.2,4.4,3.4,4.6,4.6,6.8,3.2,12.2,8.4,2.8,1.8,0.272727,0.0,11,11,1.727273,1.636364,9,8,-87.246496,A
77409,2025,bl1,17,2026-03-04T20:30:00+01:00,100,Hamburger SV,6,Bayer 04 Leverkusen,train,23,23,1.130435,1.73913,8,8,1.8,1.8,1.4,0.8,12.4,12.2,15.0,9.4,4.2,3.8,4.8,3.8,4.6,4.8,7.6,3.8,11.2,8.8,3.2,1.4,0.26087,0.086957,12,11,1.583333,1.545455,3,4,-86.894488,A
77473,2025,bl1,25,2026-03-06T20:30:00+01:00,40,FC Bayern München,87,Borussia Mönchengladbach,train,24,24,2.625,1.041667,13,5,3.2,0.8,1.4,1.4,17.8,13.8,11.2,11.2,9.2,4.0,3.2,5.0,6.2,4.4,3.0,3.2,10.4,9.0,1.4,2.2,0.0,0.041667,12,12,2.583333,1.0,6,6,309.064211,H
77474,2025,bl1,25,2026-03-07T15:30:00+01:00,112,SC Freiburg,6,Bayer 04 Leverkusen,train,24,24,1.375,1.791667,6,8,0.6,1.4,1.4,0.6,9.0,12.8,17.4,9.2,3.0,3.8,5.6,3.6,4.2,5.6,5.6,2.6,9.8,9.0,1.0,1.6,0.125,0.083333,11,12,2.181818,1.666667,6,3,-68.183914,D
77475,2025,bl1,25,2026-03-07T15:30:00+01:00,81,1. FSV Mainz 05,16,VfB Stuttgart,train,24,24,0.958333,1.916667,8,10,1.2,2.4,1.4,1.2,11.2,14.8,13.8,11.2,4.4,6.6,5.6,4.2,4.2,4.8,4.8,3.6,11.8,9.2,2.6,2.4,0.208333,0.041667,12,12,1.083333,1.416667,7,6,-134.123246,D
77476,2025,bl1,25,2026-03-07T15:30:00+01:00,1635,RB Leipzig,95,FC Augsburg,train,24,24,1.833333,1.291667,8,12,1.8,1.6,1.6,1.0,16.0,13.4,9.8,12.6,5.2,5.2,3.6,4.0,5.8,5.8,3.2,5.8,9.2,13.0,2.0,2.8,0.0,0.041667,12,11,1.916667,0.909091,6,8,125.997911,H
77477,2025,bl1,25,2026-03-07T15:30:00+01:00,131,VfL Wolfsburg,100,Hamburger SV,train,24,24,0.833333,1.083333,1,7,1.0,1.4,2.4,1.2,11.2,11.6,19.0,15.2,3.0,4.0,6.8,4.2,3.4,4.4,6.8,7.2,13.2,11.2,2.0,2.0,0.041667,0.25,12,11,0.75,0.636364,6,3,-38.68251,A
77480,2025,bl1,25,2026-03-07T15:30:00+01:00,199,1. FC Heidenheim 1846,175,TSG Hoffenheim,train,24,24,0.583333,1.916667,1,7,1.0,1.8,2.2,1.8,13.4,16.2,14.8,15.2,3.0,6.4,5.6,5.4,4.6,6.4,6.2,6.0,9.6,10.6,1.0,2.2,0.041667,0.083333,12,12,0.833333,1.833333,7,7,-220.701519,A
77481,2025,bl1,25,2026-03-07T18:30:00+01:00,65,1. FC Köln,7,Borussia Dortmund,train,24,24,1.0,2.166667,4,10,1.0,2.6,1.8,1.6,10.8,15.0,15.6,12.2,3.2,4.8,4.2,3.8,4.8,6.8,5.0,3.4,7.0,12.6,1.0,2.2,0.041667,0.083333,12,12,1.25,1.916667,8,7,-155.356179,A
77479,2025,bl1,25,2026-03-08T15:30:00+01:00,98,FC St. Pauli,91,Eintracht Frankfurt,train,24,24,0.958333,1.416667,9,7,1.2,1.8,1.6,1.4,11.8,10.0,12.8,14.0,4.0,4.8,6.2,4.6,3.4,3.8,6.6,6.0,9.2,10.4,1.2,2.6,0.041667,0.083333,11,12,1.363636,1.166667,8,7,-69.435336,D
77478,2025,bl1,25,2026-03-08T17:30:00+01:00,80,1. FC Union Berlin,134,SV Werder Bremen,train,24,24,1.166667,0.916667,4,4,1.0,0.8,1.6,1.4,10.6,15.8,12.4,7.8,3.4,4.8,3.4,3.2,4.8,5.0,4.4,2.8,13.4,11.2,3.2,2.2,0.083333,0.125,12,12,1.416667,0.5,8,8,40.771298,A
77488,2025,bl1,26,2026-03-13T20:30:00+01:00,87,Borussia Mönchengladbach,98,FC St. Pauli,train,25,25,1.0,0.96,4,10,0.8,1.0,2.0,1.2,14.4,10.6,11.2,12.0,4.6,3.4,5.6,5.4,4.0,3.6,3.2,6.6,8.6,9.2,2.0,1.4,0.08,0.04,12,13,1.083333,0.615385,7,5,22.370427,H
77482,2025,bl1,26,2026-03-14T15:30:00+01:00,6,Bayer 04 Leverkusen,40,FC Bayern München,train,25,25,1.76,2.64,8,15,1.8,3.6,1.0,1.2,14.2,18.8,11.6,10.4,4.4,9.6,4.2,3.4,5.6,5.8,3.2,2.6,8.4,8.6,1.6,0.8,0.08,0.0,12,12,1.916667,2.666667,7,8,-199.448585,D
77483,2025,bl1,26,2026-03-14T15:30:00+01:00,91,Eintracht Frankfurt,199,1. FC Heidenheim 1846,train,25,25,1.4,0.56,8,1,1.6,1.0,0.8,2.4,9.4,12.6,14.0,14.2,4.4,2.8,4.2,6.0,3.2,4.8,6.6,4.4,9.8,8.8,2.2,0.6,0.08,0.04,12,12,1.666667,0.333333,6,7,138.795653,H
77484,2025,bl1,26,2026-03-14T15:30:00+01:00,7,Borussia Dortmund,95,FC Augsburg,train,25,25,2.2,1.24,10,9,2.4,1.4,1.4,1.2,13.8,14.2,12.6,12.6,4.8,5.0,4.0,4.6,5.2,6.4,4.6,6.0,13.0,11.8,2.0,2.6,0.08,0.04,12,12,2.416667,0.833333,7,7,181.15148,H
77489,2025,bl1,26,2026-03-14T15:30:00+01:00,175,TSG Hoffenheim,131,VfL Wolfsburg,train,25,25,1.96,0.8,7,1,2.0,1.2,2.0,2.6,17.6,11.2,13.6,18.0,7.0,3.2,5.2,7.6,6.4,4.0,4.8,6.8,11.4,13.6,1.8,1.8,0.08,0.08,12,12,2.0,0.916667,7,7,170.997137,D
77490,2025,bl1,26,2026-03-14T18:30:00+01:00,100,Hamburger SV,65,1. FC Köln,train,25,25,1.16,0.96,7,1,1.4,1.0,1.4,2.2,10.8,10.6,14.0,15.4,4.4,3.4,4.2,4.6,3.4,6.0,6.6,5.0,10.2,7.2,2.2,1.0,0.24,0.08,13,12,1.461538,0.75,7,7,14.294915,D
77486,2025,bl1,26,2026-03-15T15:30:00+01:00,134,SV Werder Bremen,81,1. FSV Mainz 05,train,25,25,1.0,0.96,6,6,1.4,1.2,1.4,1.6,15.2,12.6,8.2,13.0,4.6,4.8,3.2,5.6,4.2,4.4,2.4,5.0,11.8,10.6,2.8,1.8,0.12,0.2,12,12,1.333333,0.833333,7,8,-7.416398,A
77485,2025,bl1,26,2026-03-15T17:30:00+01:00,112,SC Freiburg,80,1. FC Union Berlin,train,25,25,1.36,1.12,7,4,1.2,1.0,1.8,1.8,11.0,9.2,17.2,13.6,4.4,3.2,5.2,3.6,4.8,3.0,4.8,4.4,8.4,10.8,1.4,3.0,0.12,0.12,12,12,2.083333,0.916667,8,7,55.843839,A
77487,2025,bl1,26,2026-03-15T19:30:00+01:00,16,VfB Stuttgart,1635,RB Leipzig,train,25,25,1.88,1.88,8,11,2.6,2.0,1.6,1.4,13.4,16.4,12.6,10.8,6.0,6.0,5.0,3.8,4.8,6.0,4.2,4.0,8.8,10.0,2.2,2.0,0.04,0.0,12,12,2.416667,1.75,8,8,15.979571,H
77494,2025,bl1,27,2026-03-20T20:30:00+01:00,1635,RB Leipzig,175,TSG Hoffenheim,train,26,26,1.807692,1.923077,8,8,1.6,2.0,1.4,1.2,14.4,20.0,11.4,9.0,6.0,7.4,4.0,2.8,6.6,9.0,4.2,4.0,10.6,11.6,1.6,1.4,0.0,0.076923,13,13,2.0,1.923077,5,6,-20.827209,H
77491,2025,bl1,27,2026-03-21T15:30:00+01:00,40,FC Bayern München,80,1. FC Union Berlin,train,26,26,2.576923,1.192308,13,6,2.8,1.0,1.2,1.6,15.6,8.8,12.8,16.8,7.8,3.4,4.0,4.6,4.4,2.4,2.8,5.2,9.0,12.8,1.2,2.6,0.076923,0.115385,13,13,2.615385,1.076923,7,6,314.631044,H
77495,2025,bl1,27,2026-03-21T15:30:00+01:00,131,VfL Wolfsburg,134,SV Werder Bremen,train,26,26,0.807692,0.961538,2,6,1.2,1.4,2.4,1.6,9.6,15.0,18.0,9.0,3.2,4.2,8.0,3.2,4.0,4.4,8.4,2.4,13.0,10.8,2.2,3.0,0.076923,0.115385,13,13,0.692308,0.692308,7,6,-13.196034,A
77498,2025,bl1,27,2026-03-21T15:30:00+01:00,199,1. FC Heidenheim 1846,6,Bayer 04 Leverkusen,train,26,26,0.538462,1.730769,1,6,1.0,1.2,2.2,1.2,9.2,16.0,13.8,11.6,2.2,4.4,5.8,5.0,3.6,4.8,3.8,2.8,9.4,9.4,1.0,2.2,0.038462,0.076923,13,13,0.769231,1.615385,7,7,-211.642839,D
77499,2025,bl1,27,2026-03-21T15:30:00+01:00,65,1. FC Köln,87,Borussia Mönchengladbach,train,26,26,0.961538,1.076923,2,6,1.0,1.0,2.0,1.8,10.6,14.6,12.6,10.8,3.2,4.2,4.0,5.4,6.8,4.0,4.6,3.2,8.2,9.0,1.6,1.8,0.076923,0.076923,13,13,1.153846,0.923077,7,8,2.582177,D
77492,2025,bl1,27,2026-03-21T18:30:00+01:00,7,Borussia Dortmund,100,Hamburger SV,train,26,26,2.230769,1.153846,10,5,2.4,1.0,1.2,1.2,12.8,9.2,11.6,13.6,5.0,3.8,4.2,3.6,6.0,2.4,4.2,7.6,12.4,10.0,1.8,2.0,0.076923,0.230769,13,12,2.461538,0.833333,7,7,155.347859,H
77493,2025,bl1,27,2026-03-22T15:30:00+01:00,81,1. FSV Mainz 05,91,Eintracht Frankfurt,train,26,26,1.038462,1.461538,6,10,1.2,1.6,1.6,0.6,12.8,11.2,13.4,12.4,4.0,5.0,5.0,3.8,4.0,3.8,6.0,6.4,9.6,8.6,1.6,2.2,0.192308,0.115385,13,13,1.076923,1.153846,7,8,-27.661714,H
77497,2025,bl1,27,2026-03-22T17:30:00+01:00,98,FC St. Pauli,112,SC Freiburg,train,26,26,0.923077,1.307692,7,4,0.6,1.0,1.4,2.0,9.2,13.4,12.6,15.6,2.2,5.2,5.6,5.0,3.0,5.2,6.0,3.6,8.8,7.8,1.8,1.4,0.038462,0.115385,12,13,1.333333,0.692308,9,7,-70.699451,A
77496,2025,bl1,27,2026-03-22T19:30:00+01:00,95,FC Augsburg,16,VfB Stuttgart,train,26,26,1.192308,1.923077,9,11,1.4,2.6,1.2,1.2,12.8,14.6,13.8,11.4,4.4,6.2,4.4,4.4,6.0,4.8,7.2,4.4,11.2,7.8,2.2,2.0,0.038462,0.038462,13,13,1.615385,1.384615,8,7,-156.302347,A
77500,2025,bl1,28,2026-04-04T15:30:00+02:00,6,Bayer 04 Leverkusen,131,VfL Wolfsburg,test,27,27,1.703704,0.777778,7,1,1.8,0.8,1.6,2.2,15.6,9.8,11.8,15.6,5.2,3.4,5.2,6.6,4.8,5.2,2.4,8.0,10.4,14.2,2.6,2.4,0.074074,0.111111,13,13,1.846154,0.923077,14,14,150.226493,H
77502,2025,bl1,28,2026-04-04T15:30:00+02:00,112,SC Freiburg,40,FC Bayern München,test,27,27,1.37037,2.592593,7,13,1.4,3.0,1.6,1.2,13.8,19.6,13.0,11.0,5.8,8.0,4.6,3.6,4.4,6.0,3.0,2.6,7.8,8.8,1.4,1.2,0.111111,0.074074,13,13,1.923077,2.538462,13,14,-274.11256,A
77503,2025,bl1,28,2026-04-04T15:30:00+02:00,134,SV Werder Bremen,1635,RB Leipzig,test,27,27,1.037037,1.851852,9,10,1.6,2.2,1.0,1.0,13.8,13.2,9.0,11.0,4.2,5.8,2.4,3.8,4.8,5.6,3.2,4.4,10.0,11.0,2.4,1.6,0.111111,0.0,13,13,1.230769,1.615385,14,15,-156.516377,A
77505,2025,bl1,28,2026-04-04T15:30:00+02:00,87,Borussia Mönchengladbach,199,1. FC Heidenheim 1846,test,27,27,1.074074,0.555556,7,2,1.6,1.6,1.8,2.6,12.4,7.8,10.8,14.2,4.2,2.8,4.6,6.0,3.0,3.0,3.8,4.0,9.6,9.8,1.8,1.4,0.074074,0.037037,13,13,1.230769,0.307692,14,14,102.309866,D
77507,2025,bl1,28,2026-04-04T15:30:00+02:00,175,TSG Hoffenheim,81,1. FSV Mainz 05,test,27,27,1.851852,1.111111,5,9,1.4,1.6,2.2,1.0,16.6,12.4,9.2,13.0,6.4,4.0,4.0,4.2,8.4,4.6,3.0,5.2,13.2,11.0,1.0,1.6,0.074074,0.185185,13,13,1.923077,1.0,15,13,85.548806,A
77508,2025,bl1,28,2026-04-04T15:30:00+02:00,100,Hamburger SV,95,FC Augsburg,test,27,27,1.111111,1.148148,4,6,1.2,1.6,1.6,2.2,7.2,13.0,15.0,13.2,3.6,5.0,4.6,5.6,2.6,5.6,8.4,7.2,9.0,11.6,2.2,2.2,0.222222,0.037037,14,13,1.428571,0.769231,14,13,46.164228,D
77504,2025,bl1,28,2026-04-04T18:30:00+02:00,16,VfB Stuttgart,7,Borussia Dortmund,test,27,27,1.962963,2.259259,11,10,3.0,2.2,1.4,1.6,14.6,14.8,12.0,10.4,7.0,5.0,5.2,4.0,5.4,6.8,3.8,4.4,8.6,12.4,1.8,1.6,0.037037,0.074074,13,13,2.461538,2.0,13,14,-21.370545,A
77506,2025,bl1,28,2026-04-05T15:30:00+02:00,80,1. FC Union Berlin,98,FC St. Pauli,test,27,27,1.148148,0.888889,6,7,0.6,0.8,1.8,1.0,7.4,9.4,20.4,13.2,2.6,3.0,5.6,5.4,2.0,3.0,6.4,4.8,13.0,8.4,3.0,1.8,0.111111,0.037037,13,14,1.307692,0.571429,15,14,32.808443,D
77501,2025,bl1,28,2026-04-05T17:30:00+02:00,91,Eintracht Frankfurt,65,1. FC Köln,test,27,27,1.407407,0.962963,7,3,1.2,1.4,1.0,2.0,11.2,11.0,10.0,11.8,4.0,3.6,4.2,3.8,4.0,6.8,5.8,4.8,7.4,7.8,1.8,3.0,0.111111,0.111111,13,13,1.769231,0.769231,14,15,34.318043,D
77514,2025,bl1,29,2026-04-10T20:30:00+02:00,95,FC Augsburg,175,TSG Hoffenheim,test,28,28,1.142857,1.785714,4,4,1.2,1.2,2.0,2.2,13.6,16.2,14.8,9.2,4.4,6.2,5.6,4.2,4.0,7.8,8.2,3.0,10.8,13.0,2.0,1.2,0.035714,0.071429,14,14,1.5,1.785714,6,6,-128.019972,D
77509,2025,bl1,29,2026-04-11T15:30:00+02:00,7,Borussia Dortmund,6,Bayer 04 Leverkusen,test,28,28,2.285714,1.75,12,9,2.2,2.8,1.2,2.0,13.6,18.2,10.4,12.4,4.6,6.4,4.0,5.4,6.8,6.0,4.2,2.4,11.4,10.2,1.6,2.6,0.071429,0.071429,14,14,2.5,1.571429,7,7,71.120551,A
77511,2025,bl1,29,2026-04-11T15:30:00+02:00,1635,RB Leipzig,87,Borussia Mönchengladbach,test,28,28,1.892857,1.071429,12,8,2.2,1.8,0.8,1.8,12.0,13.0,11.4,11.8,5.6,5.2,3.8,4.8,4.4,2.8,4.2,3.8,11.6,10.4,1.2,2.2,0.0,0.071429,14,14,2.071429,0.928571,7,7,147.5123,H
77513,2025,bl1,29,2026-04-11T15:30:00+02:00,131,VfL Wolfsburg,91,Eintracht Frankfurt,test,28,28,0.75,1.392857,1,8,1.0,1.2,2.8,0.8,10.0,13.4,17.6,8.0,3.6,4.8,7.6,3.8,4.8,5.2,8.4,4.2,14.4,7.4,2.4,1.4,0.107143,0.107143,14,14,0.642857,1.071429,7,6,-85.389214,A
77516,2025,bl1,29,2026-04-11T15:30:00+02:00,199,1. FC Heidenheim 1846,80,1. FC Union Berlin,test,28,28,0.571429,1.142857,2,4,1.4,0.6,2.4,2.0,8.8,9.0,14.8,19.0,3.0,3.4,5.8,5.8,3.0,2.6,3.6,5.8,9.4,12.0,1.2,2.0,0.035714,0.107143,14,14,0.785714,1.0,7,6,-87.91186,H
77515,2025,bl1,29,2026-04-11T18:30:00+02:00,98,FC St. Pauli,40,FC Bayern München,test,28,28,0.892857,2.607143,5,13,0.6,3.0,1.0,1.2,10.2,19.0,13.8,11.8,2.6,7.6,6.2,3.8,3.2,6.0,5.2,3.2,8.8,9.6,1.8,1.8,0.071429,0.071429,13,14,1.230769,2.571429,6,7,-359.623696,A
77517,2025,bl1,29,2026-04-12T15:30:00+02:00,65,1. FC Köln,134,SV Werder Bremen,test,28,28,0.964286,1.0,3,9,1.4,1.6,2.0,1.0,12.0,13.8,12.2,9.4,4.6,4.4,4.0,2.0,6.2,4.0,4.4,3.0,8.0,10.6,3.2,1.6,0.107143,0.107143,14,14,1.142857,0.857143,7,8,21.748603,H
77512,2025,bl1,29,2026-04-12T17:30:00+02:00,16,VfB Stuttgart,100,Hamburger SV,test,28,28,1.892857,1.107143,10,5,2.4,1.2,1.2,1.4,14.8,9.4,11.0,16.0,6.0,3.8,4.6,4.2,5.6,3.6,3.6,7.0,9.2,9.8,1.8,2.0,0.035714,0.25,14,13,2.285714,0.769231,8,8,126.108958,H
77510,2025,bl1,29,2026-04-12T19:30:00+02:00,81,1. FSV Mainz 05,112,SC Freiburg,test,28,28,1.178571,1.321429,11,4,1.8,1.4,1.0,2.0,10.8,14.4,13.4,14.8,4.4,5.4,4.2,6.0,3.8,4.8,6.2,4.0,8.8,7.8,1.2,1.8,0.178571,0.107143,14,14,1.214286,0.857143,8,8,-7.175164,A
77525,2025,bl1,30,2026-04-17T20:30:00+02:00,98,FC St. Pauli,65,1. FC Köln,test,29,29,0.862069,1.034483,2,6,0.4,2.0,2.0,1.8,9.2,15.0,13.8,10.6,2.6,5.6,5.6,3.6,3.2,6.0,4.0,4.2,9.2,10.4,1.6,3.6,0.068966,0.103448,14,14,1.142857,0.785714,6,5,-67.287768,D
77519,2025,bl1,30,2026-04-18T15:30:00+02:00,6,Bayer 04 Leverkusen,95,FC Augsburg,test,29,29,1.793103,1.137931,9,2,2.8,1.2,2.0,2.4,17.6,14.2,13.2,15.4,6.4,5.2,5.0,5.8,5.6,3.6,3.0,7.2,9.2,9.0,2.2,2.2,0.068966,0.034483,14,14,1.928571,0.785714,7,8,156.478105,A
77522,2025,bl1,30,2026-04-18T15:30:00+02:00,134,SV Werder Bremen,100,Hamburger SV,test,29,29,0.965517,1.068966,6,5,1.4,1.2,1.6,2.0,11.6,9.2,12.6,17.8,3.6,4.2,3.6,5.6,4.4,3.6,4.2,7.2,9.2,10.2,1.8,2.2,0.137931,0.241379,14,14,1.142857,0.714286,6,6,-27.641896,H
77524,2025,bl1,30,2026-04-18T15:30:00+02:00,80,1. FC Union Berlin,131,VfL Wolfsburg,test,29,29,1.103448,0.724138,4,1,0.8,1.2,2.4,2.4,9.8,12.4,16.2,14.8,3.6,4.4,5.0,6.2,3.2,5.6,5.2,8.4,11.0,12.8,1.4,2.8,0.103448,0.103448,14,14,1.285714,0.857143,7,7,30.727877,A
77526,2025,bl1,30,2026-04-18T15:30:00+02:00,175,TSG Hoffenheim,7,Borussia Dortmund,test,29,29,1.758621,2.206897,5,12,1.6,1.8,2.4,0.8,14.8,14.4,10.4,9.8,4.8,4.4,5.2,3.6,6.6,6.8,3.2,4.8,14.0,9.4,1.6,2.0,0.068966,0.068966,14,14,1.785714,2.071429,8,7,-83.037329,H
77520,2025,bl1,30,2026-04-18T18:30:00+02:00,91,Eintracht Frankfurt,1635,RB Leipzig,test,29,29,1.448276,1.931034,8,12,1.2,2.0,1.0,0.6,12.4,14.2,11.6,13.0,4.2,6.8,4.8,3.8,5.6,4.8,4.4,4.2,7.2,11.0,1.4,1.6,0.103448,0.0,14,14,1.714286,1.714286,7,7,-107.826359,A
77521,2025,bl1,30,2026-04-19T15:30:00+02:00,112,SC Freiburg,199,1. FC Heidenheim 1846,test,29,29,1.37931,0.655172,7,5,1.6,2.0,1.6,2.2,15.2,8.4,13.8,13.4,5.6,3.6,5.2,5.2,4.4,3.2,4.2,4.0,8.2,9.0,2.0,1.2,0.103448,0.034483,14,14,1.785714,0.357143,7,8,131.343896,H
77518,2025,bl1,30,2026-04-19T17:30:00+02:00,40,FC Bayern München,16,VfB Stuttgart,test,29,29,2.62069,1.931034,13,10,3.4,2.4,0.8,1.2,20.2,14.6,11.0,10.8,8.0,6.0,4.0,5.0,6.4,5.8,2.8,3.4,9.0,10.2,2.2,2.0,0.068966,0.034483,14,14,2.642857,1.5,8,7,175.790099,H
77523,2025,bl1,30,2026-04-19T19:30:00+02:00,87,Borussia Mönchengladbach,81,1. FSV Mainz 05,test,29,29,1.034483,1.137931,5,10,1.6,1.6,2.0,1.0,11.8,11.2,15.4,12.6,4.4,4.2,6.6,3.8,2.4,4.6,5.6,5.8,10.6,8.2,1.6,1.0,0.068966,0.172414,14,14,1.214286,1.142857,8,7,-23.593866,D
77529,2025,bl1,31,2026-04-24T20:30:00+02:00,1635,RB Leipzig,80,1. FC Union Berlin,test,30,30,1.966667,1.066667,12,4,2.2,0.8,0.6,2.0,14.6,13.0,13.0,14.2,6.8,4.6,3.8,4.8,4.8,5.2,3.4,5.4,10.8,12.6,1.8,1.4,0.0,0.1,15,15,2.133333,0.933333,6,6,193.029689,H
77528,2025,bl1,31,2026-04-25T15:30:00+02:00,81,1. FSV Mainz 05,40,FC Bayern München,test,30,30,1.133333,2.633333,10,13,1.4,3.4,0.8,1.0,11.0,22.2,12.2,11.2,4.4,8.0,3.8,4.4,4.8,7.2,4.6,3.2,8.4,8.8,1.4,2.0,0.166667,0.066667,15,15,1.133333,2.6,6,6,-310.305799,A
77531,2025,bl1,31,2026-04-25T15:30:00+02:00,131,VfL Wolfsburg,87,Borussia Mönchengladbach,test,30,30,0.8,1.033333,4,6,1.4,1.6,2.2,1.4,10.6,11.6,17.8,15.2,4.4,4.2,6.2,6.2,5.0,2.2,10.0,5.4,12.2,10.6,2.4,2.6,0.1,0.066667,15,15,0.6,0.866667,7,6,-44.232346,D
77532,2025,bl1,31,2026-04-25T15:30:00+02:00,95,FC Augsburg,91,Eintracht Frankfurt,test,30,30,1.2,1.4,5,7,1.4,1.4,2.2,1.6,13.2,14.0,19.0,13.2,5.2,4.8,6.2,6.0,2.8,5.4,8.2,4.4,8.8,7.0,2.0,1.2,0.033333,0.1,15,15,1.466667,1.2,7,7,-53.306463,D
77533,2025,bl1,31,2026-04-25T15:30:00+02:00,199,1. FC Heidenheim 1846,98,FC St. Pauli,test,30,30,0.633333,0.866667,5,2,1.8,0.6,1.8,2.2,9.4,9.8,13.6,14.2,3.6,3.4,4.6,5.4,3.2,3.6,4.4,4.0,9.4,7.8,1.2,2.0,0.033333,0.066667,15,15,0.933333,0.6,6,8,-35.474606,H
77534,2025,bl1,31,2026-04-25T15:30:00+02:00,65,1. FC Köln,6,Bayer 04 Leverkusen,test,30,30,1.033333,1.733333,7,8,2.0,2.4,1.6,1.8,14.2,21.2,10.8,11.2,5.0,7.4,3.8,4.2,5.2,7.4,5.0,2.8,9.0,8.6,3.6,2.0,0.1,0.066667,15,15,1.266667,1.666667,8,7,-103.843176,A
77535,2025,bl1,31,2026-04-25T18:30:00+02:00,100,Hamburger SV,175,TSG Hoffenheim,test,30,30,1.033333,1.8,2,5,1.0,1.2,2.4,2.2,9.4,14.2,18.6,10.4,3.4,4.2,6.8,5.4,3.6,6.8,7.2,3.0,11.8,13.8,2.2,2.0,0.266667,0.066667,15,15,1.4,1.733333,7,7,-111.239566,A
77530,2025,bl1,31,2026-04-26T15:30:00+02:00,16,VfB Stuttgart,134,SV Werder Bremen,test,30,30,1.866667,1.033333,9,6,2.4,1.2,1.6,1.6,14.6,12.2,12.8,13.0,6.6,4.6,5.6,3.8,5.2,5.2,4.6,4.6,8.4,9.4,1.6,2.0,0.033333,0.133333,15,15,2.333333,0.8,7,8,164.131557,D
77527,2025,bl1,31,2026-04-26T17:30:00+02:00,7,Borussia Dortmund,112,SC Freiburg,test,30,30,2.133333,1.433333,9,9,1.6,1.4,1.0,1.2,13.4,14.4,9.6,13.0,4.0,4.6,3.6,4.6,6.6,4.4,3.8,4.6,9.0,8.8,2.4,1.6,0.066667,0.1,15,15,2.333333,1.0,8,7,127.431257,H
77536,2025,bl1,32,2026-05-02T15:30:00+02:00,40,FC Bayern München,199,1. FC Heidenheim 1846,test,31,31,2.645161,0.709677,15,8,4.0,2.2,1.4,1.6,22.2,11.2,11.2,13.4,8.2,4.4,4.6,4.2,7.8,3.6,3.2,4.6,8.2,9.0,1.6,0.8,0.064516,0.032258,15,15,2.666667,0.333333,7,7,415.360842,D
77538,2025,bl1,32,2026-05-02T15:30:00+02:00,91,Eintracht Frankfurt,100,Hamburger SV,test,31,31,1.387097,1.0,5,1,1.4,1.0,1.8,2.6,15.4,10.8,16.0,19.6,5.4,4.0,6.4,7.6,5.8,4.2,5.4,7.4,8.6,11.8,1.0,2.2,0.096774,0.258065,15,15,1.6,0.666667,7,7,46.283781,A
77540,2025,bl1,32,2026-05-02T15:30:00+02:00,134,SV Werder Bremen,95,FC Augsburg,test,31,31,1.032258,1.193548,7,6,1.4,1.6,1.4,2.0,10.8,15.2,14.8,19.6,4.6,5.2,4.2,6.6,3.8,4.2,6.6,7.2,10.0,9.6,1.8,2.2,0.129032,0.032258,15,15,1.266667,0.933333,6,7,6.147283,A
77542,2025,bl1,32,2026-05-02T15:30:00+02:00,80,1. FC Union Berlin,65,1. FC Köln,test,31,31,1.032258,1.0,1,6,0.8,2.0,2.6,1.8,12.2,17.2,14.4,11.4,4.0,6.6,5.6,4.2,5.6,4.0,6.2,5.8,10.8,8.8,1.2,3.0,0.096774,0.096774,15,15,1.2,0.8,8,7,-42.226327,D
77544,2025,bl1,32,2026-05-02T15:30:00+02:00,175,TSG Hoffenheim,16,VfB Stuttgart,test,31,31,1.83871,1.83871,7,7,1.4,2.4,2.2,1.8,13.0,16.0,12.0,12.8,4.2,6.6,5.8,5.4,5.4,7.0,3.0,3.8,15.4,9.0,2.8,1.4,0.064516,0.032258,15,15,1.866667,1.4,7,6,-38.247263,D
77537,2025,bl1,32,2026-05-02T18:30:00+02:00,6,Bayer 04 Leverkusen,1635,RB Leipzig,test,31,31,1.774194,2.0,10,15,2.6,2.8,1.8,0.6,18.6,16.8,14.0,11.4,6.6,8.0,5.2,3.2,7.6,5.6,3.0,3.2,7.2,8.8,1.8,1.6,0.064516,0.0,15,15,1.8,1.8,7,8,-43.644368,H
77543,2025,bl1,32,2026-05-03T15:30:00+02:00,98,FC St. Pauli,81,1. FSV Mainz 05,test,31,31,0.83871,1.096774,2,7,0.6,1.6,2.2,1.6,10.4,13.0,14.6,11.2,3.6,5.6,5.6,4.4,4.4,4.8,4.8,3.6,7.6,9.8,1.8,1.4,0.064516,0.16129,15,15,1.133333,1.133333,8,8,-84.732338,A
77541,2025,bl1,32,2026-05-03T17:30:00+02:00,87,Borussia Mönchengladbach,7,Borussia Dortmund,test,31,31,1.032258,2.16129,4,9,1.2,2.0,1.4,1.0,11.6,13.6,16.0,9.6,3.8,4.0,6.8,3.8,2.8,5.2,6.6,3.4,9.8,11.4,3.0,2.6,0.096774,0.064516,15,15,1.2,1.933333,8,7,-187.933976,H
77539,2025,bl1,32,2026-05-03T19:30:00+02:00,112,SC Freiburg,131,VfL Wolfsburg,test,31,31,1.387097,0.806452,9,4,1.4,1.2,1.8,2.0,12.0,12.2,14.6,15.6,4.2,4.8,4.8,5.4,3.2,5.8,5.2,7.8,9.6,12.4,1.6,2.0,0.096774,0.096774,15,15,1.866667,1.0,7,8,80.715362,D
77545,2025,bl1,33,2026-05-08T20:30:00+02:00,7,Borussia Dortmund,91,Eintracht Frankfurt,test,32,32,2.09375,1.34375,6,5,1.4,1.4,0.8,1.8,10.0,14.6,11.2,16.2,2.6,5.6,3.8,6.2,3.2,7.0,3.0,5.2,12.8,10.2,2.4,2.0,0.0625,0.125,16,16,2.375,1.1875,5,6,153.781964,H
77547,2025,bl1,33,2026-05-09T15:30:00+02:00,1635,RB Leipzig,98,FC St. Pauli,test,32,32,1.9375,0.8125,12,2,2.0,0.6,1.4,2.2,16.8,10.0,14.4,15.0,7.2,3.2,4.4,5.6,6.0,5.2,4.0,5.8,9.6,7.8,2.0,2.2,0.0,0.0625,16,16,2.1875,0.5625,7,6,220.207075,H
77548,2025,bl1,33,2026-05-09T15:30:00+02:00,16,VfB Stuttgart,6,Bayer 04 Leverkusen,test,32,32,1.8125,1.8125,5,12,2.0,2.8,2.0,1.4,16.2,20.4,14.6,15.0,6.0,7.2,5.8,5.2,7.0,8.0,4.2,3.2,8.0,6.2,1.0,1.2,0.0625,0.0625,16,16,2.25,1.75,7,7,8.6553,H
77550,2025,bl1,33,2026-05-09T15:30:00+02:00,95,FC Augsburg,87,Borussia Mönchengladbach,test,32,32,1.25,1.09375,9,6,1.8,0.8,1.2,0.8,15.4,12.2,20.0,14.8,5.2,4.0,5.8,6.0,4.2,2.4,7.8,5.8,8.2,9.8,2.2,3.2,0.03125,0.09375,16,16,1.4375,0.875,7,6,-12.645224,H
77551,2025,bl1,33,2026-05-09T15:30:00+02:00,175,TSG Hoffenheim,134,SV Werder Bremen,test,32,32,1.8125,1.0,8,4,2.0,1.4,1.8,2.0,15.8,12.2,12.0,15.4,5.6,4.8,5.0,4.8,5.6,4.6,3.8,5.4,15.8,11.0,3.2,2.0,0.0625,0.125,16,16,1.8125,0.8125,7,7,137.638448,H
77549,2025,bl1,33,2026-05-09T18:30:00+02:00,131,VfL Wolfsburg,40,FC Bayern München,test,32,32,0.8125,2.59375,5,13,1.4,3.8,2.0,2.0,12.6,20.6,16.2,12.6,4.8,7.8,5.4,5.4,5.6,8.0,7.2,4.0,11.4,8.4,1.6,2.0,0.09375,0.0625,16,16,0.625,2.625,6,7,-378.879735,A
77553,2025,bl1,33,2026-05-10T15:30:00+02:00,100,Hamburger SV,112,SC Freiburg,test,32,32,1.0625,1.375,4,7,1.0,1.2,2.2,1.8,11.8,11.2,16.4,14.8,4.0,3.6,7.0,4.6,4.4,3.0,7.0,6.0,11.2,9.4,1.8,1.6,0.25,0.09375,16,16,1.3125,0.9375,8,7,-38.879326,H
77552,2025,bl1,33,2026-05-10T17:30:00+02:00,65,1. FC Köln,199,1. FC Heidenheim 1846,test,32,32,1.0,0.71875,6,8,1.8,2.2,1.6,1.6,16.4,11.8,12.2,15.2,6.4,4.4,4.2,4.6,4.0,4.2,5.6,6.2,9.2,8.2,2.0,0.4,0.09375,0.03125,16,16,1.1875,0.375,8,8,85.575515,A
77546,2025,bl1,33,2026-05-10T19:30:00+02:00,81,1. FSV Mainz 05,80,1. FC Union Berlin,test,32,32,1.15625,1.03125,7,2,1.6,1.2,1.6,2.2,14.8,13.8,10.8,9.8,5.8,4.4,4.2,4.6,5.2,5.8,4.4,4.8,9.0,10.6,1.2,1.2,0.15625,0.09375,16,16,1.0625,0.875,7,8,61.248231,A
77554,2025,bl1,34,2026-05-16T15:30:00+02:00,40,FC Bayern München,65,1. FC Köln,test,33,33,2.606061,0.969697,13,5,3.4,1.6,1.6,1.8,19.6,17.2,13.4,10.4,7.8,6.0,5.6,3.8,7.0,5.2,4.2,4.8,6.8,9.6,1.4,2.0,0.060606,0.090909,16,16,2.5625,0.8125,7,6,344.806083,H
77555,2025,bl1,34,2026-05-16T15:30:00+02:00,6,Bayer 04 Leverkusen,100,Hamburger SV,test,33,33,1.757576,1.121212,9,6,1.8,1.4,1.4,2.4,16.6,11.0,16.8,13.8,6.0,4.2,6.0,7.0,6.8,3.0,4.2,7.4,6.2,11.8,1.2,1.8,0.060606,0.242424,16,16,1.875,0.8125,7,6,129.88414,D
77556,2025,bl1,34,2026-05-16T15:30:00+02:00,91,Eintracht Frankfurt,16,VfB Stuttgart,test,33,33,1.30303,1.848485,4,8,1.4,2.6,2.0,1.8,12.4,17.6,16.0,14.8,5.0,7.2,6.0,6.2,5.8,7.4,6.4,5.0,9.8,8.6,1.8,1.0,0.121212,0.060606,16,16,1.5,1.375,8,7,-133.861713,D
77557,2025,bl1,34,2026-05-16T15:30:00+02:00,112,SC Freiburg,1635,RB Leipzig,test,33,33,1.333333,1.969697,7,12,1.2,2.0,1.8,1.4,9.6,18.0,13.4,13.2,3.4,7.8,3.8,4.0,2.8,6.6,4.8,4.8,9.2,7.8,1.4,2.2,0.090909,0.0,16,16,1.8125,1.6875,6,7,-122.951346,H
77558,2025,bl1,34,2026-05-16T15:30:00+02:00,134,SV Werder Bremen,7,Borussia Dortmund,test,33,33,0.969697,2.121212,4,6,1.2,1.6,1.8,1.2,11.8,11.6,17.0,10.4,4.2,3.6,5.2,4.0,5.0,4.0,7.0,2.4,9.0,13.2,2.0,2.2,0.151515,0.060606,16,16,1.1875,1.8125,7,8,-212.690285,A
77559,2025,bl1,34,2026-05-16T15:30:00+02:00,87,Borussia Mönchengladbach,175,TSG Hoffenheim,test,33,33,1.060606,1.848485,5,11,0.6,2.0,1.0,1.4,12.4,15.6,14.8,12.4,3.4,5.4,6.6,4.4,2.4,5.8,5.6,3.8,9.2,14.4,2.8,2.6,0.090909,0.060606,16,16,1.3125,1.8125,7,7,-114.378027,H
77560,2025,bl1,34,2026-05-16T15:30:00+02:00,80,1. FC Union Berlin,95,FC Augsburg,test,33,33,1.090909,1.30303,4,11,1.6,2.2,2.2,1.2,13.8,14.8,10.8,19.6,4.6,6.6,4.8,5.8,6.0,4.2,5.8,6.4,10.6,8.0,1.4,2.0,0.090909,0.030303,16,16,1.1875,1.0625,6,7,-22.330294,H
77561,2025,bl1,34,2026-05-16T15:30:00+02:00,98,FC St. Pauli,131,VfL Wolfsburg,test,33,33,0.787879,0.787879,1,5,0.6,0.8,2.4,1.0,9.6,13.8,14.4,14.4,3.4,4.8,5.0,5.0,5.8,6.4,5.0,5.4,8.0,10.8,1.8,1.2,0.060606,0.090909,16,16,1.0625,1.0,7,7,-25.434708,A
77562,2025,bl1,34,2026-05-16T15:30:00+02:00,199,1. FC Heidenheim 1846,81,1. FSV Mainz 05,test,33,33,0.787879,1.121212,10,4,2.4,1.4,1.4,2.0,11.0,15.8,15.8,10.8,4.0,5.4,4.6,5.0,4.4,6.0,7.0,4.6,7.6,10.2,0.8,1.4,0.030303,0.151515,16,16,1.0625,1.25,6,6,-71.350137,A
